From	Entry	Reviewed	Entry Name	Protein names	Gene Names	Organism	Length	Taxonomic lineage
EKF86286	K2QDY5	unreviewed	K2QDY5_METFP	Amidophosphoribosyltransferase, ATase, EC 2.4.2.14 (Glutamine phosphoribosylpyrophosphate amidotransferase, GPATase)	purF A994_05000	Methanobacterium formicicum (strain DSM 3637 / PP1)	466	
EKF87011	K2QG07	unreviewed	K2QG07_METFP	Imidazole glycerol phosphate synthase subunit HisH, EC 4.3.2.10 (IGP synthase glutaminase subunit, EC 3.5.1.2) (IGP synthase subunit HisH) (ImGP synthase subunit HisH, IGPS subunit HisH)	hisH A994_01955	Methanobacterium formicicum (strain DSM 3637 / PP1)	203	
EKF85798	K2QZT8	unreviewed	K2QZT8_METFP	Xaa-Pro dipeptidase	A994_06950	Methanobacterium formicicum (strain DSM 3637 / PP1)	334	
EKF87033	K2R3A4	unreviewed	K2R3A4_METFP	Ureidoglycolate lyase	A994_02065	Methanobacterium formicicum (strain DSM 3637 / PP1)	258	
EKF86369	K2RDF9	unreviewed	K2RDF9_METFP	UDP-n-acetylglucosamine 2-epimerase	A994_02763	Methanobacterium formicicum (strain DSM 3637 / PP1)	364	
EKF84875	K2RQ77	unreviewed	K2RQ77_METFP	UDP-N-acetylglucosamine 2-epimerase	A994_11792	Methanobacterium formicicum (strain DSM 3637 / PP1)	440	
EKF86826	K2QFH4	unreviewed	K2QFH4_METFP	3-isopropylmalate dehydrogenase	A994_01030	Methanobacterium formicicum (strain DSM 3637 / PP1)	328	
EKF85458	K2QYT5	unreviewed	K2QYT5_METFP	Isopropylmalate/isohomocitrate dehydrogenase	A994_08491	Methanobacterium formicicum (strain DSM 3637 / PP1)	338	
EKF85435	K2RRS3	unreviewed	K2RRS3_METFP	Probable S-methyl-5'-thioinosine phosphorylase, EC 2.4.2.44 (5'-methylthioinosine phosphorylase, MTI phosphorylase, MTIP)	A994_08376	Methanobacterium formicicum (strain DSM 3637 / PP1)	259	
EKF86249	K2RD34	unreviewed	K2RD34_METFP	S-inosyl-L-homocysteine hydrolase, SIHH, EC 3.13.1.9	A994_04815	Methanobacterium formicicum (strain DSM 3637 / PP1)	417	
EKF84930	K2RQB5	unreviewed	K2RQB5_METFP	Methionine--tRNA ligase, EC 6.1.1.10 (Methionyl-tRNA synthetase, MetRS)	metG A994_11052	Methanobacterium formicicum (strain DSM 3637 / PP1)	667	
EKF84868	K2QXA5	unreviewed	K2QXA5_METFP	Beta-ribofuranosylaminobenzene 5'-phosphate synthase, Beta-RFA-P synthase, EC 2.4.2.54	A994_11757	Methanobacterium formicicum (strain DSM 3637 / PP1)	328	
EKF86336	K2QE26	unreviewed	K2QE26_METFP	Fructose-bisphosphatase, EC 3.1.3.11	A994_05250	Methanobacterium formicicum (strain DSM 3637 / PP1)	279	
EKF84814	K2R947	unreviewed	K2R947_METFP	Acetyl-CoA acetyltransferase, EC 2.3.1.9	A994_11487	Methanobacterium formicicum (strain DSM 3637 / PP1)	383	
EKF85588	K2QZ62	unreviewed	K2QZ62_METFP	Glutamate--cysteine ligase	A994_07646	Methanobacterium formicicum (strain DSM 3637 / PP1)	482	
EKF84960	K2RQD8	unreviewed	K2RQD8_METFP	Acetate/CoA ligase	A994_11202	Methanobacterium formicicum (strain DSM 3637 / PP1)	634	
EKF84717	K2R0K3	unreviewed	K2R0K3_METFP	AMP-binding domain protein	A994_11926	Methanobacterium formicicum (strain DSM 3637 / PP1)	553	
EKF86099	K2RCP9	unreviewed	K2RCP9_METFP	Butyrate--CoA ligase	A994_04065	Methanobacterium formicicum (strain DSM 3637 / PP1)	556	
EKF85417	K2R2K5	unreviewed	K2R2K5_METFP	Acetate/CoA ligase	A994_08286	Methanobacterium formicicum (strain DSM 3637 / PP1)	620	
EKF86941	K2QFT8	unreviewed	K2QFT8_METFP	Acetate/CoA ligase	A994_01605	Methanobacterium formicicum (strain DSM 3637 / PP1)	634	
EKF86263	K2R158	unreviewed	K2R158_METFP	Uncharacterized protein	A994_04885	Methanobacterium formicicum (strain DSM 3637 / PP1)	258	
EKF86210	K2RTT2	unreviewed	K2RTT2_METFP	Arsenical-resistance protein	A994_04620	Methanobacterium formicicum (strain DSM 3637 / PP1)	326	
EKF85713	K2QZJ8	unreviewed	K2QZJ8_METFP	Myo-inositol-1-phosphate synthase	A994_06525	Methanobacterium formicicum (strain DSM 3637 / PP1)	367	
EKF85455	K2RRU2	unreviewed	K2RRU2_METFP	MIP family channel protein	A994_08476	Methanobacterium formicicum (strain DSM 3637 / PP1)	248	
EKF86351	K2QE52	unreviewed	K2QE52_METFP	Xenobiotic-transporting ATPase	A994_02663	Methanobacterium formicicum (strain DSM 3637 / PP1)	589	
EKF85813	K2QZV8	unreviewed	K2QZV8_METFP	Cobyrinic acid ac-diamide synthase	A994_07025	Methanobacterium formicicum (strain DSM 3637 / PP1)	250	
EKF84636	K2Q9I3	unreviewed	K2Q9I3_METFP	Cobyrinic acid ac-diamide synthase	A994_12722	Methanobacterium formicicum (strain DSM 3637 / PP1)	262	
EKF85795	K2RSS0	unreviewed	K2RSS0_METFP	Lactaldehyde dehydrogenase, EC 1.2.1.22	A994_06935	Methanobacterium formicicum (strain DSM 3637 / PP1)	468	
EKF84705	K2RPM0	unreviewed	K2RPM0_METFP	Sulfate transporter	A994_12538	Methanobacterium formicicum (strain DSM 3637 / PP1)	562	
EKF86339	K2RDE0	unreviewed	K2RDE0_METFP	Probable porphobilinogen deaminase, PBG, EC 2.5.1.61 (Hydroxymethylbilane synthase, HMBS) (Pre-uroporphyrinogen synthase)	hemC A994_05265	Methanobacterium formicicum (strain DSM 3637 / PP1)	289	
EKF86276	K2QDX9	unreviewed	K2QDX9_METFP	dTDP-glucose 4,6-dehydratase	A994_04950	Methanobacterium formicicum (strain DSM 3637 / PP1)	312	
EKF86027	K2R487	unreviewed	K2R487_METFP	Putative UDP-glucose 4-epimerase	A994_06056	Methanobacterium formicicum (strain DSM 3637 / PP1)	312	
EKF86271	K2QDX6	unreviewed	K2QDX6_METFP	UDP-glucose 4-epimerase	A994_04925	Methanobacterium formicicum (strain DSM 3637 / PP1)	326	
EKF85114	K2R9V8	unreviewed	K2R9V8_METFP	UDP-glucose 4-epimerase	A994_10864	Methanobacterium formicicum (strain DSM 3637 / PP1)	313	
EKF86375	K2RUG1	unreviewed	K2RUG1_METFP	UDP-glucose 4-epimerase	A994_02793	Methanobacterium formicicum (strain DSM 3637 / PP1)	304	
EKF86133	K2R0R5	unreviewed	K2R0R5_METFP	Putative archaetidylserine decarboxylase proenzyme, EC 4.1.1.- [Cleaved into: Archaetidylserine decarboxylase alpha chain; Archaetidylserine decarboxylase beta chain ]	asd A994_04235	Methanobacterium formicicum (strain DSM 3637 / PP1)	222	
EKF84950	K2RQD1	unreviewed	K2RQD1_METFP	Histidinol dehydrogenase, HDH, EC 1.1.1.23	hisD A994_11152	Methanobacterium formicicum (strain DSM 3637 / PP1)	425	
EKF85436	K2QBW2	unreviewed	K2QBW2_METFP	Quinolinate synthase, EC 2.5.1.72	nadA A994_08381	Methanobacterium formicicum (strain DSM 3637 / PP1)	303	
EKF86452	K2R5G4	unreviewed	K2R5G4_METFP	Phosphomethylpyrimidine kinase	A994_03178	Methanobacterium formicicum (strain DSM 3637 / PP1)	255	
EKF84900	K2RQ95	unreviewed	K2RQ95_METFP	Family 2 glycosyl transferase	A994_10902	Methanobacterium formicicum (strain DSM 3637 / PP1)	286	
EKF86487	K2R5J1	unreviewed	K2R5J1_METFP	Family 2 glycosyl transferase	A994_03353	Methanobacterium formicicum (strain DSM 3637 / PP1)	284	
EKF86458	K2R1R4	unreviewed	K2R1R4_METFP	Peroxiredoxin, EC 1.11.1.24 (Thioredoxin peroxidase) (Thioredoxin-dependent peroxiredoxin)	A994_03208	Methanobacterium formicicum (strain DSM 3637 / PP1)	211	
EKF85256	K2QBB4	unreviewed	K2QBB4_METFP	Phosphonate-transporting ATPase	A994_10253	Methanobacterium formicicum (strain DSM 3637 / PP1)	245	
EKF86576	K2QEQ6	unreviewed	K2QEQ6_METFP	Phosphonate-transporting ATPase	A994_03798	Methanobacterium formicicum (strain DSM 3637 / PP1)	226	
EKF86731	K2QF60	unreviewed	K2QF60_METFP	Phosphonate-transporting ATPase	A994_00555	Methanobacterium formicicum (strain DSM 3637 / PP1)	223	
EKF86444	K2RDN1	unreviewed	K2RDN1_METFP	Phosphonate-transporting ATPase	A994_03138	Methanobacterium formicicum (strain DSM 3637 / PP1)	254	
EKF85783	K2QZS1	unreviewed	K2QZS1_METFP	Phosphonate-transporting ATPase	A994_06875	Methanobacterium formicicum (strain DSM 3637 / PP1)	221	
EKF85831	K2QCV3	unreviewed	K2QCV3_METFP	Phosphate ABC transporter ATP-binding protein	A994_07115	Methanobacterium formicicum (strain DSM 3637 / PP1)	251	
EKF87101	K2QG96	unreviewed	K2QG96_METFP	Fe(3+)-transporting ATPase	A994_02415	Methanobacterium formicicum (strain DSM 3637 / PP1)	255	
EKF87038	K2R3B0	unreviewed	K2R3B0_METFP	Taurine-transporting AtPase	A994_02090	Methanobacterium formicicum (strain DSM 3637 / PP1)	247	
EKF86240	K2RTX7	unreviewed	K2RTX7_METFP	Sulfate-transporting ATPase	A994_04770	Methanobacterium formicicum (strain DSM 3637 / PP1)	251	
EKF85470	K2RRV1	unreviewed	K2RRV1_METFP	Phosphonate-transporting ATPase	A994_08551	Methanobacterium formicicum (strain DSM 3637 / PP1)	229	
EKF85382	K2R2I4	unreviewed	K2R2I4_METFP	ABC transporter	A994_09501	Methanobacterium formicicum (strain DSM 3637 / PP1)	257	
EKF85716	K2QCH9	unreviewed	K2QCH9_METFP	Phosphonate-transporting ATPase	A994_06540	Methanobacterium formicicum (strain DSM 3637 / PP1)	243	
EKF84893	K2QXC0	unreviewed	K2QXC0_METFP	ABC transporter ATP-binding protein	cbiO A994_11882	Methanobacterium formicicum (strain DSM 3637 / PP1)	279	
EKF86726	K2QF55	unreviewed	K2QF55_METFP	Phosphonate-transporting ATPase	A994_00530	Methanobacterium formicicum (strain DSM 3637 / PP1)	223	
EKF85441	K2QBW6	unreviewed	K2QBW6_METFP	Pyridoxal 5'-phosphate synthase subunit PdxS, PLP synthase subunit PdxS, EC 4.3.3.6 (Pdx1)	pdxS A994_08406	Methanobacterium formicicum (strain DSM 3637 / PP1)	293	
EKF85452	K2R2M6	unreviewed	K2R2M6_METFP	Pyridoxal 5'-phosphate synthase subunit PdxT, EC 4.3.3.6 (Pdx2) (Pyridoxal 5'-phosphate synthase glutaminase subunit, EC 3.5.1.2)	pdxT A994_08461	Methanobacterium formicicum (strain DSM 3637 / PP1)	194	
EKF85079	K2R9R4	unreviewed	K2R9R4_METFP	Pyridoxal 5'-phosphate synthase subunit PdxS, PLP synthase subunit PdxS, EC 4.3.3.6 (Pdx1)	pdxS A994_10689	Methanobacterium formicicum (strain DSM 3637 / PP1)	293	
EKF86053	K2R0H9	unreviewed	K2R0H9_METFP	GntR family transcriptional regulator	A994_06186	Methanobacterium formicicum (strain DSM 3637 / PP1)	392	
EKF85662	K2R350	unreviewed	K2R350_METFP	Precorrin-8X methylmutase	cbiC A994_08016	Methanobacterium formicicum (strain DSM 3637 / PP1)	209	
EKF86208	K2R0Y9	unreviewed	K2R0Y9_METFP	Protein tyrosine phosphatase	A994_04610	Methanobacterium formicicum (strain DSM 3637 / PP1)	144	
EKF86085	K2RTG2	unreviewed	K2RTG2_METFP	Diphthine synthase, EC 2.1.1.98 (Diphthamide biosynthesis methyltransferase)	dphB A994_06356	Methanobacterium formicicum (strain DSM 3637 / PP1)	262	
EKF85009	K2R9K2	unreviewed	K2R9K2_METFP	Delta-aminolevulinic acid dehydratase, EC 4.2.1.24	A994_10339	Methanobacterium formicicum (strain DSM 3637 / PP1)	327	
EKF85656	K2QCC1	unreviewed	K2QCC1_METFP	Iron-containing alcohol dehydrogenase	A994_07986	Methanobacterium formicicum (strain DSM 3637 / PP1)	386	
EKF85090	K2RQP6	unreviewed	K2RQP6_METFP	PfkB domain-containing protein	A994_10744	Methanobacterium formicicum (strain DSM 3637 / PP1)	317	
EKF87076	K2QG71	unreviewed	K2QG71_METFP	PfkB domain-containing protein	A994_02290	Methanobacterium formicicum (strain DSM 3637 / PP1)	304	
EKF84740	K2RPS1	unreviewed	K2RPS1_METFP	Cation diffusion facilitator family transporter	A994_12041	Methanobacterium formicicum (strain DSM 3637 / PP1)	297	
EKF86805	K2RVM8	unreviewed	K2RVM8_METFP	Hypoxanthine/guanine phosphoribosyltransferase, HGPRTase, EC 2.4.2.8	hpt A994_00925	Methanobacterium formicicum (strain DSM 3637 / PP1)	192	
EKF84827	K2R0X0	unreviewed	K2R0X0_METFP	Group 1 glycosyl transferase	A994_11552	Methanobacterium formicicum (strain DSM 3637 / PP1)	353	
EKF86042	K2R499	unreviewed	K2R499_METFP	Group 1 glycosyl transferase	A994_06131	Methanobacterium formicicum (strain DSM 3637 / PP1)	369	
EKF85754	K2RBS4	unreviewed	K2RBS4_METFP	Phosphatidylinositol alpha-mannosyltransferase	A994_06730	Methanobacterium formicicum (strain DSM 3637 / PP1)	389	
EKF85906	K2QD24	unreviewed	K2QD24_METFP	Glutamate--tRNA ligase, EC 6.1.1.17 (Glutamyl-tRNA synthetase, GluRS)	gltX A994_05451	Methanobacterium formicicum (strain DSM 3637 / PP1)	558	
EKF86982	K2R701	unreviewed	K2R701_METFP	2-isopropylmalate synthase, EC 2.3.3.13	A994_01810	Methanobacterium formicicum (strain DSM 3637 / PP1)	505	
EKF86255	K2RU02	unreviewed	K2RU02_METFP	Trans-homoaconitate synthase	aksA A994_04845	Methanobacterium formicicum (strain DSM 3637 / PP1)	391	
EKF86314	K2RDA4	unreviewed	K2RDA4_METFP	Putative (R)-citramalate synthase CimA, EC 2.3.1.182	cimA A994_05140	Methanobacterium formicicum (strain DSM 3637 / PP1)	499	
EKF87119	K2RFE3	unreviewed	K2RFE3_METFP	Molybdenum-pterin-binding protein	A994_02505	Methanobacterium formicicum (strain DSM 3637 / PP1)	69	
EKF87116	K2QGB1	unreviewed	K2QGB1_METFP	Tungsten transporter, ATP binding protein	A994_02490	Methanobacterium formicicum (strain DSM 3637 / PP1)	355	
EKF86143	K2R0S6	unreviewed	K2R0S6_METFP	Succinate--CoA ligase [ADP-forming] subunit beta, EC 6.2.1.5 (Succinyl-CoA synthetase subunit beta, SCS-beta)	sucC A994_04285	Methanobacterium formicicum (strain DSM 3637 / PP1)	370	
EKF86088	K2R0M3	unreviewed	K2R0M3_METFP	Succinate--CoA ligase [ADP-forming] subunit alpha, EC 6.2.1.5 (Succinyl-CoA synthetase subunit alpha, SCS-alpha)	sucD A994_06371	Methanobacterium formicicum (strain DSM 3637 / PP1)	286	
EKF86585	K2RUX5	unreviewed	K2RUX5_METFP	Tritrans,polycis-undecaprenyl-diphosphate synthase (geranylgeranyl-diphosphate specific), EC 2.5.1.89 (Undecaprenyl diphosphate synthase, UDS) (Undecaprenyl pyrophosphate synthase, UPP synthase)	uppS A994_03843	Methanobacterium formicicum (strain DSM 3637 / PP1)	255	
EKF85673	K2QZF6	unreviewed	K2QZF6_METFP	Tritrans,polycis-undecaprenyl-diphosphate synthase (geranylgeranyl-diphosphate specific), EC 2.5.1.89 (Undecaprenyl diphosphate synthase, UDS) (Undecaprenyl pyrophosphate synthase, UPP synthase)	uppS A994_08071	Methanobacterium formicicum (strain DSM 3637 / PP1)	255	
EKF86950	K2RW18	unreviewed	K2RW18_METFP	Ketol-acid reductoisomerase (NADP(+)), KARI, EC 1.1.1.86 (Acetohydroxy-acid isomeroreductase, AHIR) (Alpha-keto-beta-hydroxylacyl reductoisomerase)	ilvC A994_01650	Methanobacterium formicicum (strain DSM 3637 / PP1)	328	
EKF86951	K2QFU6	unreviewed	K2QFU6_METFP	Acetolactate synthase small subunit, AHAS, ALS, EC 2.2.1.6 (Acetohydroxy-acid synthase small subunit)	ilvH A994_01655	Methanobacterium formicicum (strain DSM 3637 / PP1)	166	
EKF85418	K2QYQ3	unreviewed	K2QYQ3_METFP	Acetolactate synthase	A994_08291	Methanobacterium formicicum (strain DSM 3637 / PP1)	583	
EKF86952	K2R6X5	unreviewed	K2R6X5_METFP	Acetolactate synthase, EC 2.2.1.6	A994_01660	Methanobacterium formicicum (strain DSM 3637 / PP1)	578	
EKF86503	K2R1V5	unreviewed	K2R1V5_METFP	LL-diaminopimelate aminotransferase, DAP-AT, DAP-aminotransferase, LL-DAP-aminotransferase, EC 2.6.1.83	dapL A994_03433	Methanobacterium formicicum (strain DSM 3637 / PP1)	411	
EKF85227	K2R1W9	unreviewed	K2R1W9_METFP	Histidinol-phosphate aminotransferase, EC 2.6.1.9 (Imidazole acetol-phosphate transaminase)	hisC A994_10108	Methanobacterium formicicum (strain DSM 3637 / PP1)	366	
EKF85467	K2R2N6	unreviewed	K2R2N6_METFP	Aminotransferase, EC 2.6.1.-	A994_08536	Methanobacterium formicicum (strain DSM 3637 / PP1)	388	
EKF86050	K2RTD6	unreviewed	K2RTD6_METFP	Aminotransferase, EC 2.6.1.-	A994_06171	Methanobacterium formicicum (strain DSM 3637 / PP1)	370	
EKF85421	K2QBV4	unreviewed	K2QBV4_METFP	Serine--pyruvate transaminase	A994_08306	Methanobacterium formicicum (strain DSM 3637 / PP1)	382	
EKF86225	K2RTV4	unreviewed	K2RTV4_METFP	Copper-translocating P-type ATPase	A994_04695	Methanobacterium formicicum (strain DSM 3637 / PP1)	668	
EKF87045	K2RW99	unreviewed	K2RW99_METFP	Heavy metal translocating P-type ATPase	A994_02135	Methanobacterium formicicum (strain DSM 3637 / PP1)	820	
EKF86227	K2R4U2	unreviewed	K2R4U2_METFP	Heavy metal translocating P-type ATPase	A994_04705	Methanobacterium formicicum (strain DSM 3637 / PP1)	702	
EKF86382	K2R5B7	unreviewed	K2R5B7_METFP	Glucose-1-phosphate thymidylyltransferase, EC 2.7.7.24	A994_02828	Methanobacterium formicicum (strain DSM 3637 / PP1)	291	
EKF86274	K2RD62	unreviewed	K2RD62_METFP	UTP--glucose-1-phosphate uridylyltransferase, EC 2.7.7.9 (UDP-glucose pyrophosphorylase)	A994_04940	Methanobacterium formicicum (strain DSM 3637 / PP1)	281	
EKF85069	K2R9Q3	unreviewed	K2R9Q3_METFP	Cysteine desulfurase IscS, EC 2.8.1.7	iscS A994_10639	Methanobacterium formicicum (strain DSM 3637 / PP1)	388	
EKF86825	K2RVP8	unreviewed	K2RVP8_METFP	Cysteine desulfurase, EC 2.8.1.7	A994_01025	Methanobacterium formicicum (strain DSM 3637 / PP1)	398	
EKF86237	K2R4V4	unreviewed	K2R4V4_METFP	Dihydrolipoyl dehydrogenase	A994_04755	Methanobacterium formicicum (strain DSM 3637 / PP1)	432	
EKF85610	K2RS50	unreviewed	K2RS50_METFP	Biotin synthase, EC 2.8.1.6	A994_07756	Methanobacterium formicicum (strain DSM 3637 / PP1)	346	
EKF84686	K2Q9Q5	unreviewed	K2Q9Q5_METFP	Glycine--tRNA ligase, EC 6.1.1.14	A994_12443	Methanobacterium formicicum (strain DSM 3637 / PP1)	573	
EKF85067	K2R1F5	unreviewed	K2R1F5_METFP	O-acetylhomoserine/O-acetylserine sulfhydrylase	A994_10629	Methanobacterium formicicum (strain DSM 3637 / PP1)	437	
EKF85085	K2RQP1	unreviewed	K2RQP1_METFP	Cystathionine gamma-lyase	A994_10719	Methanobacterium formicicum (strain DSM 3637 / PP1)	377	
EKF85515	K2RRY7	unreviewed	K2RRY7_METFP	Putative methylthioribose-1-phosphate isomerase, M1Pi, MTR-1-P isomerase, EC 5.3.1.23 (MTNA-like protein, aMTNA) (S-methyl-5-thioribose-1-phosphate isomerase)	A994_08776	Methanobacterium formicicum (strain DSM 3637 / PP1)	309	
EKF85925	K2RT58	unreviewed	K2RT58_METFP	Probable tRNA pseudouridine synthase B, EC 5.4.99.25 (tRNA pseudouridine(55) synthase, Psi55 synthase) (tRNA pseudouridylate synthase) (tRNA-uridine isomerase)	truB A994_05546	Methanobacterium formicicum (strain DSM 3637 / PP1)	320	
EKF84877	K2R122	unreviewed	K2R122_METFP	tRNA pseudouridine synthase A, EC 5.4.99.12 (tRNA pseudouridine(38-40) synthase) (tRNA pseudouridylate synthase I) (tRNA-uridine isomerase I)	truA A994_11802	Methanobacterium formicicum (strain DSM 3637 / PP1)	274	
EKF85230	K2RR61	unreviewed	K2RR61_METFP	Cytosine deaminase	A994_10123	Methanobacterium formicicum (strain DSM 3637 / PP1)	149	
EKF87071	K2QG63	unreviewed	K2QG63_METFP	Cytosine deaminase	A994_02265	Methanobacterium formicicum (strain DSM 3637 / PP1)	155	
EKF85697	K2R380	unreviewed	K2R380_METFP	Adenosylcobinamide-GDP ribazoletransferase, EC 2.7.8.26 (Cobalamin synthase) (Cobalamin-5'-phosphate synthase)	cobS A994_06445	Methanobacterium formicicum (strain DSM 3637 / PP1)	279	
EKF86909	K2REV1	unreviewed	K2REV1_METFP	Diaminopimelate decarboxylase, DAP decarboxylase, DAPDC, EC 4.1.1.20	lysA A994_01445	Methanobacterium formicicum (strain DSM 3637 / PP1)	428	
EKF86333	K2R1F1	unreviewed	K2R1F1_METFP	Agmatinase	A994_05235	Methanobacterium formicicum (strain DSM 3637 / PP1)	296	
EKF84634	K2R8F7	unreviewed	K2R8F7_METFP	Type-2 serine--tRNA ligase, EC 6.1.1.11 (Seryl-tRNA synthetase) (Seryl-tRNA(Ser/Sec) synthetase)	A994_12712	Methanobacterium formicicum (strain DSM 3637 / PP1)	516	
EKF86449	K2RDN6	unreviewed	K2RDN6_METFP	Proline--tRNA ligase, EC 6.1.1.15 (Prolyl-tRNA synthetase, ProRS)	proS A994_03163	Methanobacterium formicicum (strain DSM 3637 / PP1)	468	
EKF85904	K2RC98	unreviewed	K2RC98_METFP	Adenylosuccinate synthetase, AMPSase, AdSS, EC 6.3.4.4 (IMP--aspartate ligase)	purA A994_05441	Methanobacterium formicicum (strain DSM 3637 / PP1)	340	
EKF85420	K2RRQ9	unreviewed	K2RRQ9_METFP	Radical SAM domain-containing protein	A994_08301	Methanobacterium formicicum (strain DSM 3637 / PP1)	462	
EKF85755	K2RSM3	unreviewed	K2RSM3_METFP	Radical SAM domain-containing protein	A994_06735	Methanobacterium formicicum (strain DSM 3637 / PP1)	480	
EKF86426	K2QEA8	unreviewed	K2QEA8_METFP	Cobalamin B12-binding domain-containing protein	A994_03048	Methanobacterium formicicum (strain DSM 3637 / PP1)	474	
EKF85419	K2RAT1	unreviewed	K2RAT1_METFP	Radical SAM domain-containing protein	A994_08296	Methanobacterium formicicum (strain DSM 3637 / PP1)	450	
EKF85907	K2R3Z3	unreviewed	K2R3Z3_METFP	Dimethylallyltranstransferase	A994_05456	Methanobacterium formicicum (strain DSM 3637 / PP1)	333	
EKF86916	K2QFS2	unreviewed	K2QFS2_METFP	L-fuculose phosphate aldolase, EC 4.1.2.17 (L-fuculose-1-phosphate aldolase)	A994_01480	Methanobacterium formicicum (strain DSM 3637 / PP1)	190	
EKF87000	K2RW62	unreviewed	K2RW62_METFP	Glutamyl-tRNA(Gln) amidotransferase subunit A, Glu-ADT subunit A, EC 6.3.5.7	gatA A994_01900	Methanobacterium formicicum (strain DSM 3637 / PP1)	475	
EKF86867	K2R6S0	unreviewed	K2R6S0_METFP	Flavodoxin/nitric oxide synthase	A994_01235	Methanobacterium formicicum (strain DSM 3637 / PP1)	407	
EKF86067	K2R4C2	unreviewed	K2R4C2_METFP	Flavodoxin/nitric oxide synthase	A994_06266	Methanobacterium formicicum (strain DSM 3637 / PP1)	407	
EKF86462	K2R5H2	unreviewed	K2R5H2_METFP	Rubredoxin	A994_03228	Methanobacterium formicicum (strain DSM 3637 / PP1)	52	
EKF86463	K2R1R8	unreviewed	K2R1R8_METFP	Rubredoxin	A994_03233	Methanobacterium formicicum (strain DSM 3637 / PP1)	52	
EKF86460	K2RUM1	unreviewed	K2RUM1_METFP	Rubredoxin	A994_03218	Methanobacterium formicicum (strain DSM 3637 / PP1)	53	
EKF85985	K2RT91	unreviewed	K2RT91_METFP	Aminotransferase	A994_05846	Methanobacterium formicicum (strain DSM 3637 / PP1)	399	
EKF86908	K2R308	unreviewed	K2R308_METFP	Acetylornithine aminotransferase, ACOAT, EC 2.6.1.11	argD A994_01440	Methanobacterium formicicum (strain DSM 3637 / PP1)	392	
EKF84910	K2RQA2	unreviewed	K2RQA2_METFP	Group 1 glycosyl transferase	A994_10952	Methanobacterium formicicum (strain DSM 3637 / PP1)	380	
EKF86930	K2RW02	unreviewed	K2RW02_METFP	dITP/XTP pyrophosphatase, EC 3.6.1.66 (Non-canonical purine NTP pyrophosphatase) (Non-standard purine NTP pyrophosphatase) (Nucleoside-triphosphate diphosphatase) (Nucleoside-triphosphate pyrophosphatase, NTPase)	A994_01550	Methanobacterium formicicum (strain DSM 3637 / PP1)	195	
EKF86047	K2R4A4	unreviewed	K2R4A4_METFP	Probable inosine/xanthosine triphosphatase, ITPase/XTPase, EC 3.6.1.73 (Non-canonical purine NTP phosphatase) (Non-standard purine NTP phosphatase) (Nucleoside-triphosphate phosphatase, NTPase)	A994_06156	Methanobacterium formicicum (strain DSM 3637 / PP1)	179	
EKF86446	K2QEC6	unreviewed	K2QEC6_METFP	Ribose-5-phosphate isomerase A, EC 5.3.1.6 (Phosphoriboisomerase A, PRI)	rpiA A994_03148	Methanobacterium formicicum (strain DSM 3637 / PP1)	238	
EKF84775	K2RPW3	unreviewed	K2RPW3_METFP	EngC family GTPase	A994_12216	Methanobacterium formicicum (strain DSM 3637 / PP1)	350	
EKF86326	K2QE16	unreviewed	K2QE16_METFP	GMP synthase [glutamine-hydrolyzing] subunit A, EC 6.3.5.2 (Glutamine amidotransferase)	guaAA A994_05200	Methanobacterium formicicum (strain DSM 3637 / PP1)	189	
EKF86228	K2R112	unreviewed	K2R112_METFP	Anthranilate phosphoribosyltransferase, EC 2.4.2.18	trpD A994_04710	Methanobacterium formicicum (strain DSM 3637 / PP1)	361	
EKF86234	K2RD17	unreviewed	K2RD17_METFP	Anthranilate synthase component 1, EC 4.1.3.27	trpE A994_04740	Methanobacterium formicicum (strain DSM 3637 / PP1)	463	
EKF85909	K2RCA3	unreviewed	K2RCA3_METFP	Isopentenyl-diphosphate delta-isomerase, IPP isomerase, EC 5.3.3.2 (Isopentenyl diphosphate:dimethylallyl diphosphate isomerase) (Isopentenyl pyrophosphate isomerase) (Type 2 isopentenyl diphosphate isomerase, IDI-2)	fni A994_05466	Methanobacterium formicicum (strain DSM 3637 / PP1)	351	
EKF85292	K2R255	unreviewed	K2R255_METFP	Dihydroorotate dehydrogenase, DHOD, DHODase, DHOdehase, EC 1.3.-.-	pyrD A994_09046	Methanobacterium formicicum (strain DSM 3637 / PP1)	301	
EKF86021	K2QDB9	unreviewed	K2QDB9_METFP	Family 2 glycosyl transferase	A994_06026	Methanobacterium formicicum (strain DSM 3637 / PP1)	306	
EKF86965	K2RW31	unreviewed	K2RW31_METFP	Cobyrinate a,c-diamide synthase, EC 6.3.5.11 (Cobyrinic acid a,c-diamide synthetase) (Ni-sirohydrochlorin a,c-diamide synthase, EC 6.3.5.12) (Ni-sirohydrochlorin a,c-diamide synthetase)	cbiA cfbB A994_01725	Methanobacterium formicicum (strain DSM 3637 / PP1)	450	
EKF84955	K2RQD4	unreviewed	K2RQD4_METFP	Heavy metal translocating P-type ATPase	A994_11177	Methanobacterium formicicum (strain DSM 3637 / PP1)	663	
EKF85196	K2QB50	unreviewed	K2QB50_METFP	Phosphoglycolate phosphatase, PGP, PGPase, EC 3.1.3.18	A994_09953	Methanobacterium formicicum (strain DSM 3637 / PP1)	221	
EKF85226	K2QB76	unreviewed	K2QB76_METFP	Ferripyochelin binding protein	A994_10103	Methanobacterium formicicum (strain DSM 3637 / PP1)	163	
EKF86635	K2RV21	unreviewed	K2RV21_METFP	6-pyruvoyl tetrahydrobiopterin synthase	A994_00075	Methanobacterium formicicum (strain DSM 3637 / PP1)	158	
EKF87066	K2QG59	unreviewed	K2QG59_METFP	Formate/nitrite transporter	A994_02240	Methanobacterium formicicum (strain DSM 3637 / PP1)	278	
EKF84658	K2QWF5	unreviewed	K2QWF5_METFP	Phosphatidate cytidylyltransferase	A994_12678	Methanobacterium formicicum (strain DSM 3637 / PP1)	216	
EKF84631	K2Q9H6	unreviewed	K2Q9H6_METFP	Dihydroorotase, DHOase, EC 3.5.2.3	pyrC A994_12697	Methanobacterium formicicum (strain DSM 3637 / PP1)	435	
EKF84659	K2R8J5	unreviewed	K2R8J5_METFP	Probable thymidylate kinase, EC 2.7.4.9 (dTMP kinase)	tmk A994_12683	Methanobacterium formicicum (strain DSM 3637 / PP1)	191	
EKF86230	K2RTW1	unreviewed	K2RTW1_METFP	Tryptophan synthase beta chain, EC 4.2.1.20	trpB A994_04720	Methanobacterium formicicum (strain DSM 3637 / PP1)	393	
EKF86978	K2R358	unreviewed	K2R358_METFP	Tryptophan synthase beta chain, EC 4.2.1.20	trpB A994_01790	Methanobacterium formicicum (strain DSM 3637 / PP1)	430	
EKF86229	K2RD08	unreviewed	K2RD08_METFP	Tryptophan synthase alpha chain, EC 4.2.1.20	trpA A994_04715	Methanobacterium formicicum (strain DSM 3637 / PP1)	272	
EKF87061	K2QG54	unreviewed	K2QG54_METFP	Carbonic anhydrase	A994_02215	Methanobacterium formicicum (strain DSM 3637 / PP1)	173	
EKF86199	K2RCY4	unreviewed	K2RCY4_METFP	Anion transporter	A994_04565	Methanobacterium formicicum (strain DSM 3637 / PP1)	450	
EKF86197	K2R4P8	unreviewed	K2R4P8_METFP	Anion transporter	A994_04555	Methanobacterium formicicum (strain DSM 3637 / PP1)	450	
EKF84697	K2R0I4	unreviewed	K2R0I4_METFP	Sodium solute transporter superfamily protein	A994_12498	Methanobacterium formicicum (strain DSM 3637 / PP1)	534	
EKF86118	K2R0Q0	unreviewed	K2R0Q0_METFP	Glutamyl-tRNA reductase, GluTR, EC 1.2.1.70	hemA A994_04160	Methanobacterium formicicum (strain DSM 3637 / PP1)	398	
EKF86448	K2R1Q4	unreviewed	K2R1Q4_METFP	Glycerol-1-phosphate dehydrogenase [NAD(P)+], G1P dehydrogenase, G1PDH, EC 1.1.1.261 (Enantiomeric glycerophosphate synthase) (sn-glycerol-1-phosphate dehydrogenase)	egsA A994_03158	Methanobacterium formicicum (strain DSM 3637 / PP1)	348	
EKF85585	K2RS36	unreviewed	K2RS36_METFP	Trans-aconitate 2-methyltransferase	A994_07631	Methanobacterium formicicum (strain DSM 3637 / PP1)	259	
EKF84791	K2QA19	unreviewed	K2QA19_METFP	Orotidine 5'-phosphate decarboxylase, EC 4.1.1.23 (OMP decarboxylase, OMPDCase, OMPdecase)	pyrF A994_12296	Methanobacterium formicicum (strain DSM 3637 / PP1)	216	
EKF87006	K2QG03	unreviewed	K2QG03_METFP	Succinate dehydrogenase flavoprotein subunit, EC 1.3.5.1	sdhA A994_01930	Methanobacterium formicicum (strain DSM 3637 / PP1)	548	
EKF84937	K2R160	unreviewed	K2R160_METFP	2-amino-3,7-dideoxy-D-threo-hept-6-ulosonate synthase, ADH synthase, ADHS, ADTH synthase, EC 2.2.1.10	aroA' A994_11087	Methanobacterium formicicum (strain DSM 3637 / PP1)	265	
EKF85456	K2QBX7	unreviewed	K2QBX7_METFP	Malate dehydrogenase, EC 1.1.1.37	A994_08481	Methanobacterium formicicum (strain DSM 3637 / PP1)	321	
EKF84813	K2QX31	unreviewed	K2QX31_METFP	UPF0219 protein A994_11482	A994_11482	Methanobacterium formicicum (strain DSM 3637 / PP1)	351	
EKF85981	K2QD83	unreviewed	K2QD83_METFP	4-hydroxy-tetrahydrodipicolinate reductase, HTPA reductase, EC 1.17.1.8	dapB A994_05826	Methanobacterium formicicum (strain DSM 3637 / PP1)	300	
EKF84819	K2R951	unreviewed	K2R951_METFP	4-hydroxy-tetrahydrodipicolinate reductase, HTPA reductase, EC 1.17.1.8	dapB A994_11512	Methanobacterium formicicum (strain DSM 3637 / PP1)	272	
EKF87134	K2RFF9	unreviewed	K2RFF9_METFP	Phosphomethylpyrimidine synthase, EC 4.1.99.17 (Hydroxymethylpyrimidine phosphate synthase, HMP-P synthase, HMP-phosphate synthase, HMPP synthase) (Thiamine biosynthesis protein ThiC)	thiC A994_02580	Methanobacterium formicicum (strain DSM 3637 / PP1)	424	
EKF87075	K2RWC1	unreviewed	K2RWC1_METFP	Phosphomethylpyrimidine synthase, EC 4.1.99.17 (Hydroxymethylpyrimidine phosphate synthase, HMP-P synthase, HMP-phosphate synthase, HMPP synthase) (Thiamine biosynthesis protein ThiC)	thiC A994_02285	Methanobacterium formicicum (strain DSM 3637 / PP1)	432	
EKF84820	K2RQ09	unreviewed	K2RQ09_METFP	4-hydroxy-tetrahydrodipicolinate synthase, HTPA synthase, EC 4.3.3.7	dapA A994_11517	Methanobacterium formicicum (strain DSM 3637 / PP1)	296	
EKF85381	K2QBS7	unreviewed	K2QBS7_METFP	ABC transporter subunit Ycf24	A994_09496	Methanobacterium formicicum (strain DSM 3637 / PP1)	411	
EKF85070	K2RQM5	unreviewed	K2RQM5_METFP	Putative Fe-S cluster assembly protein (NifU-like)	A994_10644	Methanobacterium formicicum (strain DSM 3637 / PP1)	132	
EKF85684	K2RBJ6	unreviewed	K2RBJ6_METFP	Uroporphyrin-III C-methyltransferase, EC 2.1.1.107	A994_08126	Methanobacterium formicicum (strain DSM 3637 / PP1)	237	
EKF85898	K2R046	unreviewed	K2R046_METFP	Precorrin-4 C11-methyltransferase	A994_05411	Methanobacterium formicicum (strain DSM 3637 / PP1)	255	
EKF84878	K2QXB1	unreviewed	K2QXB1_METFP	1-(5-phosphoribosyl)-5-[(5-phosphoribosylamino)methylideneamino] imidazole-4-carboxamide isomerase, EC 5.3.1.16 (Phosphoribosylformimino-5-aminoimidazole carboxamide ribotide isomerase)	hisA A994_11807	Methanobacterium formicicum (strain DSM 3637 / PP1)	238	
EKF86886	K2QFQ3	unreviewed	K2QFQ3_METFP	Imidazole glycerol phosphate synthase subunit HisF, EC 4.3.2.10 (IGP synthase cyclase subunit) (IGP synthase subunit HisF) (ImGP synthase subunit HisF, IGPS subunit HisF)	hisF A994_01330	Methanobacterium formicicum (strain DSM 3637 / PP1)	274	
EKF86303	K2R1B6	unreviewed	K2R1B6_METFP	Glyceraldehyde-3-phosphate dehydrogenase, GAPDH, EC 1.2.1.59 (NAD(P)-dependent glyceraldehyde-3-phosphate dehydrogenase)	gap A994_05085	Methanobacterium formicicum (strain DSM 3637 / PP1)	337	
EKF86066	K2QDF9	unreviewed	K2QDF9_METFP	Phosphate transporter	A994_06261	Methanobacterium formicicum (strain DSM 3637 / PP1)	312	
EKF85225	K2RR54	unreviewed	K2RR54_METFP	Bifunctional protein GlmU, EC 2.3.1.157, EC 2.7.7.23	A994_10098	Methanobacterium formicicum (strain DSM 3637 / PP1)	426	
EKF85911	K2QD27	unreviewed	K2QD27_METFP	Mevalonate kinase, MK, MVK, EC 2.7.1.36	mvk A994_05476	Methanobacterium formicicum (strain DSM 3637 / PP1)	330	
EKF85190	K2RR10	unreviewed	K2RR10_METFP	Nucleoside-triphosphatase A994_09923, NTPase, EC 3.6.1.15 (Nucleoside triphosphate phosphohydrolase)	A994_09923	Methanobacterium formicicum (strain DSM 3637 / PP1)	176	
EKF86222	K2R4T4	unreviewed	K2R4T4_METFP	Flavodoxin/nitric oxide synthase	A994_04680	Methanobacterium formicicum (strain DSM 3637 / PP1)	182	
EKF85224	K2RA81	unreviewed	K2RA81_METFP	Probable phosphoglucosamine mutase, EC 5.4.2.10	glmM A994_10093	Methanobacterium formicicum (strain DSM 3637 / PP1)	450	
EKF86093	K2R0M8	unreviewed	K2R0M8_METFP	Bifunctional phosphomannomutase/phosphoglucomutase, EC 5.4.2.2	A994_04035	Methanobacterium formicicum (strain DSM 3637 / PP1)	449	
EKF87080	K2RWC5	unreviewed	K2RWC5_METFP	Sulfur carrier protein FdhD	fdhD A994_02310	Methanobacterium formicicum (strain DSM 3637 / PP1)	246	
EKF87065	K2RWB5	unreviewed	K2RWB5_METFP	Formate dehydrogenase subunit alpha	A994_02235	Methanobacterium formicicum (strain DSM 3637 / PP1)	683	
EKF87090	K2RWD2	unreviewed	K2RWD2_METFP	Trimethylamine-N-oxide reductase (Cytochrome c)	A994_02360	Methanobacterium formicicum (strain DSM 3637 / PP1)	656	
EKF86340	K2RUC7	unreviewed	K2RUC7_METFP	Oxidoreductase domain-containing protein	A994_05270	Methanobacterium formicicum (strain DSM 3637 / PP1)	317	
EKF86717	K2R642	unreviewed	K2R642_METFP	Pyrroline-5-carboxylate reductase, P5C reductase, P5CR, EC 1.5.1.2 (PCA reductase)	proC A994_00485	Methanobacterium formicicum (strain DSM 3637 / PP1)	279	
EKF86064	K2RCM5	unreviewed	K2RCM5_METFP	Phytoene dehydrogenase-related protein	A994_06251	Methanobacterium formicicum (strain DSM 3637 / PP1)	497	
EKF86061	K2QDF4	unreviewed	K2QDF4_METFP	Phytoene dehydrogenase-related protein	A994_06236	Methanobacterium formicicum (strain DSM 3637 / PP1)	490	
EKF84687	K2R0H7	unreviewed	K2R0H7_METFP	dCTP deaminase, dUMP-forming, EC 3.5.4.30 (Bifunctional dCTP deaminase:dUTPase) (DCD-DUT)	dcd A994_12448	Methanobacterium formicicum (strain DSM 3637 / PP1)	202	
EKF85416	K2QBU9	unreviewed	K2QBU9_METFP	dUTP diphosphatase	A994_08281	Methanobacterium formicicum (strain DSM 3637 / PP1)	152	
EKF85677	K2R362	unreviewed	K2R362_METFP	2,5-diamino-6-ribosylamino-4(3H)-pyrimidinone 5'-phosphate reductase, EC 1.1.1.302 (2,5-diamino-6-(5-phospho-D-ribosylamino)pyrimidin-4(3H)-one reductase) (2,5-diamino-6-ribitylamino-4(3H)-pyrimidinone 5'-phosphate synthase)	A994_08091	Methanobacterium formicicum (strain DSM 3637 / PP1)	213	
EKF85877	K2R3X6	unreviewed	K2R3X6_METFP	Glutamate decarboxylase, EC 4.1.1.15	A994_07345	Methanobacterium formicicum (strain DSM 3637 / PP1)	463	
EKF85691	K2QCE9	unreviewed	K2QCE9_METFP	Probable L-tyrosine/L-aspartate decarboxylase, TDC/ADC, EC 4.1.1.11, EC 4.1.1.25	mfnA A994_06415	Methanobacterium formicicum (strain DSM 3637 / PP1)	380	
EKF87039	K2RF66	unreviewed	K2RF66_METFP	ABC transporter	A994_02095	Methanobacterium formicicum (strain DSM 3637 / PP1)	245	
EKF87040	K2RW94	unreviewed	K2RW94_METFP	Aliphatic sulfonates family ABC transporter periplasmic ligand-binding protein	A994_02100	Methanobacterium formicicum (strain DSM 3637 / PP1)	319	
EKF85325	K2RRG9	unreviewed	K2RRG9_METFP	GTP cyclohydrolase MptA, EC 3.5.4.39 (GTP cyclohydrolase IV)	mptA A994_09216	Methanobacterium formicicum (strain DSM 3637 / PP1)	316	
EKF86757	K2R694	unreviewed	K2R694_METFP	Nicotinate phosphoribosyltransferase, EC 6.3.4.21	A994_00685	Methanobacterium formicicum (strain DSM 3637 / PP1)	386	
EKF85531	K2QC26	unreviewed	K2QC26_METFP	Sodium solute transporter superfamily protein	A994_08856	Methanobacterium formicicum (strain DSM 3637 / PP1)	532	
EKF85847	K2R3V7	unreviewed	K2R3V7_METFP	Pyruvate ferredoxin oxidoreductase subunit gamma/delta	A994_07195	Methanobacterium formicicum (strain DSM 3637 / PP1)	174	
EKF86142	K2R4J0	unreviewed	K2R4J0_METFP	2-oxoglutarate ferredoxin oxidoreductase subunit gamma, EC 1.2.7.3	A994_04280	Methanobacterium formicicum (strain DSM 3637 / PP1)	185	
EKF86101	K2QDJ0	unreviewed	K2QDJ0_METFP	2-ketoisovalerate ferredoxin reductase, EC 1.2.7.7	A994_04075	Methanobacterium formicicum (strain DSM 3637 / PP1)	351	
EKF85845	K2RT08	unreviewed	K2RT08_METFP	Pyruvate synthase	A994_07185	Methanobacterium formicicum (strain DSM 3637 / PP1)	382	
EKF86104	K2RCQ4	unreviewed	K2RCQ4_METFP	Pyruvate ferredoxin/flavodoxin oxidoreductase subunit beta	A994_04090	Methanobacterium formicicum (strain DSM 3637 / PP1)	286	
EKF84692	K2R0I2	unreviewed	K2R0I2_METFP	Indolepyruvate oxidoreductase subunit IorB, EC 1.2.7.8 (Indolepyruvate ferredoxin oxidoreductase subunit beta)	A994_12473	Methanobacterium formicicum (strain DSM 3637 / PP1)	202	
EKF86140	K2RTK4	unreviewed	K2RTK4_METFP	2-oxoglutarate ferredoxin oxidoreductase subunit alpha, EC 1.2.7.3	A994_04270	Methanobacterium formicicum (strain DSM 3637 / PP1)	374	
EKF86139	K2RCT1	unreviewed	K2RCT1_METFP	4Fe-4S ferredoxin	A994_04265	Methanobacterium formicicum (strain DSM 3637 / PP1)	73	
EKF85647	K2R335	unreviewed	K2R335_METFP	HisA/hisF family protein	A994_07941	Methanobacterium formicicum (strain DSM 3637 / PP1)	226	
EKF86231	K2QDU5	unreviewed	K2QDU5_METFP	N-(5'-phosphoribosyl)anthranilate isomerase, PRAI, EC 5.3.1.24	trpF A994_04725	Methanobacterium formicicum (strain DSM 3637 / PP1)	245	
EKF86761	K2QF89	unreviewed	K2QF89_METFP	Isochorismatase hydrolase	A994_00705	Methanobacterium formicicum (strain DSM 3637 / PP1)	175	
EKF85659	K2RBH1	unreviewed	K2RBH1_METFP	Hydrogenase expression/formation protein HypE	A994_08001	Methanobacterium formicicum (strain DSM 3637 / PP1)	336	
EKF86921	K2QFS5	unreviewed	K2QFS5_METFP	Aspartate carbamoyltransferase, EC 2.1.3.2 (Aspartate transcarbamylase, ATCase)	pyrB A994_01505	Methanobacterium formicicum (strain DSM 3637 / PP1)	304	
EKF86955	K2RW22	unreviewed	K2RW22_METFP	Ornithine carbamoyltransferase, OTCase, EC 2.1.3.3	A994_01675	Methanobacterium formicicum (strain DSM 3637 / PP1)	301	
EKF85314	K2RAJ0	unreviewed	K2RAJ0_METFP	Phosphoribosylformylglycinamidine cyclo-ligase, EC 6.3.3.1 (AIR synthase) (AIRS) (Phosphoribosyl-aminoimidazole synthetase)	purM A994_09161	Methanobacterium formicicum (strain DSM 3637 / PP1)	341	
EKF86368	K2R1I5	unreviewed	K2R1I5_METFP	O-antigen transporter	A994_02758	Methanobacterium formicicum (strain DSM 3637 / PP1)	423	
EKF87023	K2R392	unreviewed	K2R392_METFP	Cobalt-precorrin-6Y C(5)-methyltransferase	A994_02015	Methanobacterium formicicum (strain DSM 3637 / PP1)	210	
EKF86473	K2R1S7	unreviewed	K2R1S7_METFP	Probable cobalt-precorrin-6B C(15)-methyltransferase (decarboxylating), EC 2.1.1.196	cbiT A994_03283	Methanobacterium formicicum (strain DSM 3637 / PP1)	187	
EKF85792	K2R3L3	unreviewed	K2R3L3_METFP	L-aspartate dehydrogenase, EC 1.4.1.21	nadX A994_06920	Methanobacterium formicicum (strain DSM 3637 / PP1)	254	
EKF86476	K2QEG0	unreviewed	K2QEG0_METFP	Molybdopterin-guanine dinucleotide biosynthesis protein A	A994_03298	Methanobacterium formicicum (strain DSM 3637 / PP1)	193	
EKF87069	K2RF99	unreviewed	K2RF99_METFP	Amidohydrolase	A994_02255	Methanobacterium formicicum (strain DSM 3637 / PP1)	418	
EKF86864	K2RES2	unreviewed	K2RES2_METFP	Dehydrogenase	A994_01220	Methanobacterium formicicum (strain DSM 3637 / PP1)	461	
EKF85056	K2QAS2	unreviewed	K2QAS2_METFP	Cysteine synthase A	A994_10574	Methanobacterium formicicum (strain DSM 3637 / PP1)	328	
EKF86960	K2RW27	unreviewed	K2RW27_METFP	Threonine--tRNA ligase, EC 6.1.1.3 (Threonyl-tRNA synthetase, ThrRS)	thrS A994_01700	Methanobacterium formicicum (strain DSM 3637 / PP1)	613	
EKF86953	K2R340	unreviewed	K2R340_METFP	Phosphoribosylamine--glycine ligase, EC 6.3.4.13 (GARS) (Glycinamide ribonucleotide synthetase) (Phosphoribosylglycinamide synthetase)	purD A994_01665	Methanobacterium formicicum (strain DSM 3637 / PP1)	437	
EKF85313	K2QYG2	unreviewed	K2QYG2_METFP	Malate dehydrogenase	A994_09156	Methanobacterium formicicum (strain DSM 3637 / PP1)	341	
EKF84995	K2RQG5	unreviewed	K2RQG5_METFP	Nitrilase/cyanide hydratase and apolipoprotein N-acyltransferase	A994_11377	Methanobacterium formicicum (strain DSM 3637 / PP1)	275	
EKF86121	K2QDK6	unreviewed	K2QDK6_METFP	Methyl coenzyme M reductase system, component A2	A994_04175	Methanobacterium formicicum (strain DSM 3637 / PP1)	531	
EKF87055	K2RWA6	unreviewed	K2RWA6_METFP	Adenylosuccinate lyase, ASL, EC 4.3.2.2 (Adenylosuccinase)	A994_02185	Methanobacterium formicicum (strain DSM 3637 / PP1)	449	
EKF85188	K2QY04	unreviewed	K2QY04_METFP	Alanine--tRNA ligase, EC 6.1.1.7 (Alanyl-tRNA synthetase, AlaRS)	alaS A994_09913	Methanobacterium formicicum (strain DSM 3637 / PP1)	908	
EKF85789	K2RBW4	unreviewed	K2RBW4_METFP	D-3-phosphoglycerate dehydrogenase, EC 1.1.1.95	A994_06905	Methanobacterium formicicum (strain DSM 3637 / PP1)	523	
EKF86995	K2RW58	unreviewed	K2RW58_METFP	Lysine exporter protein LysE/YggA	A994_01875	Methanobacterium formicicum (strain DSM 3637 / PP1)	210	
EKF86493	K2R1U5	unreviewed	K2R1U5_METFP	NADPH-dependent FMN reductase	A994_03383	Methanobacterium formicicum (strain DSM 3637 / PP1)	195	
EKF86975	K2RW41	unreviewed	K2RW41_METFP	NADPH-dependent FMN reductase	A994_01775	Methanobacterium formicicum (strain DSM 3637 / PP1)	198	
EKF85218	K2QY43	unreviewed	K2QY43_METFP	NADPH-dependent FMN reductase	A994_10063	Methanobacterium formicicum (strain DSM 3637 / PP1)	188	
EKF84991	K2QAK9	unreviewed	K2QAK9_METFP	NADPH-dependent FMN reductase	A994_11357	Methanobacterium formicicum (strain DSM 3637 / PP1)	184	
EKF85165	K2RQX4	unreviewed	K2RQX4_METFP	Carbamoyl-phosphate synthase small chain, EC 6.3.5.5 (Carbamoyl-phosphate synthetase glutamine chain)	carA A994_09798	Methanobacterium formicicum (strain DSM 3637 / PP1)	360	
EKF85166	K2QB20	unreviewed	K2QB20_METFP	Carbamoyl-phosphate synthase large chain, EC 6.3.5.5 (Carbamoyl-phosphate synthetase ammonia chain)	carB A994_09803	Methanobacterium formicicum (strain DSM 3637 / PP1)	1062	
EKF85162	K2R1P2	unreviewed	K2R1P2_METFP	P-type Ca(2+) transporter, EC 7.2.2.10	A994_09783	Methanobacterium formicicum (strain DSM 3637 / PP1)	841	
EKF86051	K2QDE6	unreviewed	K2QDE6_METFP	Cation transport ATPase	A994_06176	Methanobacterium formicicum (strain DSM 3637 / PP1)	851	
EKF87018	K2R388	unreviewed	K2R388_METFP	P-type HAD superfamily ATPase	A994_01990	Methanobacterium formicicum (strain DSM 3637 / PP1)	913	
EKF85046	K2QAR2	unreviewed	K2QAR2_METFP	Lipid II isoglutaminyl synthase (glutamine-hydrolyzing) subunit GatD, EC 6.3.5.13 (Lipid II isoglutaminyl synthase glutaminase subunit, EC 3.5.1.2)	gatD A994_10524	Methanobacterium formicicum (strain DSM 3637 / PP1)	240	
EKF85145	K2RQV4	unreviewed	K2RQV4_METFP	Probable cobyric acid synthase	cobQ A994_09698	Methanobacterium formicicum (strain DSM 3637 / PP1)	510	
EKF86833	K2R2T1	unreviewed	K2R2T1_METFP	Serine hydroxymethyltransferase, SHMT, Serine methylase, EC 2.1.2.-	glyA A994_01065	Methanobacterium formicicum (strain DSM 3637 / PP1)	422	
EKF86616	K2QEU2	unreviewed	K2QEU2_METFP	Sodium/hydrogen exchanger	A994_04008	Methanobacterium formicicum (strain DSM 3637 / PP1)	396	
EKF85969	K2RCE6	unreviewed	K2RCE6_METFP	Na+/H+ antiporter	A994_05766	Methanobacterium formicicum (strain DSM 3637 / PP1)	399	
EKF85663	K2QZE4	unreviewed	K2QZE4_METFP	Glutamate-1-semialdehyde 2,1-aminomutase, GSA, EC 5.4.3.8 (Glutamate-1-semialdehyde aminotransferase, GSA-AT)	hemL A994_08021	Methanobacterium formicicum (strain DSM 3637 / PP1)	420	
EKF87102	K2R7A6	unreviewed	K2R7A6_METFP	ABC transporter permease	A994_02420	Methanobacterium formicicum (strain DSM 3637 / PP1)	345	
EKF84958	K2QXF9	unreviewed	K2QXF9_METFP	Ferrous iron transport protein B	A994_11192	Methanobacterium formicicum (strain DSM 3637 / PP1)	669	
EKF85637	K2R325	unreviewed	K2R325_METFP	Ferrous iron transport protein B, FeoB	A994_07891	Methanobacterium formicicum (strain DSM 3637 / PP1)	727	
EKF85635	K2RS71	unreviewed	K2RS71_METFP	Ferrous iron transport protein A FeoA	A994_07881	Methanobacterium formicicum (strain DSM 3637 / PP1)	76	
EKF86472	K2R5H9	unreviewed	K2R5H9_METFP	Flavin prenyltransferase UbiX, EC 2.5.1.129	ubiX A994_03278	Methanobacterium formicicum (strain DSM 3637 / PP1)	186	
EKF86820	K2RVP4	unreviewed	K2RVP4_METFP	UbiD family decarboxylase	A994_01000	Methanobacterium formicicum (strain DSM 3637 / PP1)	427	
EKF86945	K2RW13	unreviewed	K2RW13_METFP	Undecaprenyl-diphosphatase, EC 3.6.1.27 (Undecaprenyl pyrophosphate phosphatase)	uppP A994_01625	Methanobacterium formicicum (strain DSM 3637 / PP1)	279	
EKF86012	K2R473	unreviewed	K2R473_METFP	Glycosyltransferase 28 domain-containing protein	A994_05981	Methanobacterium formicicum (strain DSM 3637 / PP1)	386	
EKF86372	K2R5B1	unreviewed	K2R5B1_METFP	CapK related-protein	A994_02778	Methanobacterium formicicum (strain DSM 3637 / PP1)	447	
EKF84695	K2RPK7	unreviewed	K2RPK7_METFP	Phenylacetate--CoA ligase	A994_12488	Methanobacterium formicicum (strain DSM 3637 / PP1)	434	
EKF86456	K2QED7	unreviewed	K2QED7_METFP	Coenzyme F390 synthetase II	A994_03198	Methanobacterium formicicum (strain DSM 3637 / PP1)	433	
EKF86501	K2QEI4	unreviewed	K2QEI4_METFP	Arginine biosynthesis bifunctional protein ArgJ [Cleaved into: Arginine biosynthesis bifunctional protein ArgJ alpha chain; Arginine biosynthesis bifunctional protein ArgJ beta chain ] [Includes: Glutamate N-acetyltransferase, EC 2.3.1.35 (Ornithine acetyltransferase, OATase) (Ornithine transacetylase); Amino-acid acetyltransferase, EC 2.3.1.1 (N-acetylglutamate synthase, AGSase) ]	argJ A994_03423	Methanobacterium formicicum (strain DSM 3637 / PP1)	397	
EKF86708	K2R2E3	unreviewed	K2R2E3_METFP	Formylmethanofuran--tetrahydromethanopterin formyltransferase, Ftr, EC 2.3.1.101 (H4MPT formyltransferase)	ftr A994_00440	Methanobacterium formicicum (strain DSM 3637 / PP1)	297	
EKF85091	K2QAU6	unreviewed	K2QAU6_METFP	Formylmethanofuran--tetrahydromethanopterin formyltransferase, EC 2.3.1.101	A994_10749	Methanobacterium formicicum (strain DSM 3637 / PP1)	313	
EKF85690	K2RSE0	unreviewed	K2RSE0_METFP	Phosphoenolpyruvate synthase, PEP synthase, EC 2.7.9.2 (Pyruvate, water dikinase)	A994_06410	Methanobacterium formicicum (strain DSM 3637 / PP1)	763	
EKF85464	K2RAW9	unreviewed	K2RAW9_METFP	Archaetidylinositol phosphate synthase, AIP synthase, EC 2.7.8.39	A994_08521	Methanobacterium formicicum (strain DSM 3637 / PP1)	166	
EKF86408	K2R1L9	unreviewed	K2R1L9_METFP	Aspartate carbamoyltransferase regulatory chain	pyrI A994_02958	Methanobacterium formicicum (strain DSM 3637 / PP1)	157	
EKF86374	K2RDG3	unreviewed	K2RDG3_METFP	UDP-N-acetyl-D-mannosamine dehydrogenase, EC 1.1.1.336 (UDP-ManNAc 6-dehydrogenase)	A994_02788	Methanobacterium formicicum (strain DSM 3637 / PP1)	448	
EKF84874	K2R9A1	unreviewed	K2R9A1_METFP	UDP-N-acetyl-D-mannosamine dehydrogenase, EC 1.1.1.336 (UDP-ManNAc 6-dehydrogenase)	A994_11787	Methanobacterium formicicum (strain DSM 3637 / PP1)	433	
EKF86026	K2QDC4	unreviewed	K2QDC4_METFP	UDP-glucose 6-dehydrogenase, EC 1.1.1.22	A994_06051	Methanobacterium formicicum (strain DSM 3637 / PP1)	435	
EKF85081	K2QAU0	unreviewed	K2QAU0_METFP	Thiamine thiazole synthase, EC 2.4.2.59	thi4 A994_10699	Methanobacterium formicicum (strain DSM 3637 / PP1)	275	
EKF85402	K2R2J6	unreviewed	K2R2J6_METFP	Thiamine thiazole synthase, EC 2.4.2.59	thi4 A994_08211	Methanobacterium formicicum (strain DSM 3637 / PP1)	258	
EKF86504	K2RDT0	unreviewed	K2RDT0_METFP	UDP-N-acetylmuramoyl-L-alanine--D-glutamate ligase	A994_03438	Methanobacterium formicicum (strain DSM 3637 / PP1)	467	
EKF85495	K2RRX2	unreviewed	K2RRX2_METFP	Threonine synthase, EC 4.2.3.1	A994_08676	Methanobacterium formicicum (strain DSM 3637 / PP1)	398	
EKF86469	K2RDQ2	unreviewed	K2RDQ2_METFP	Nicotinamide-nucleotide adenylyltransferase, EC 2.7.7.1 (NAD(+) diphosphorylase) (NAD(+) pyrophosphorylase) (NMN adenylyltransferase)	A994_03263	Methanobacterium formicicum (strain DSM 3637 / PP1)	174	
EKF85161	K2QB16	unreviewed	K2QB16_METFP	Precorrin-6x reductase	A994_09778	Methanobacterium formicicum (strain DSM 3637 / PP1)	295	
EKF85379	K2RAQ0	unreviewed	K2RAQ0_METFP	Acylneuraminate cytidylyltransferase	A994_09486	Methanobacterium formicicum (strain DSM 3637 / PP1)	198	
EKF86948	K2R338	unreviewed	K2R338_METFP	5'-nucleotidase SurE, EC 3.1.3.5 (Nucleoside 5'-monophosphate phosphohydrolase)	surE A994_01640	Methanobacterium formicicum (strain DSM 3637 / PP1)	258	
EKF86109	K2RCQ8	unreviewed	K2RCQ8_METFP	Thioredoxin reductase	A994_04115	Methanobacterium formicicum (strain DSM 3637 / PP1)	311	
EKF85307	K2R276	unreviewed	K2R276_METFP	Ribosyldihydronicotinamide dehydrogenase (Quinone)	A994_09126	Methanobacterium formicicum (strain DSM 3637 / PP1)	213	
EKF86087	K2R4E1	unreviewed	K2R4E1_METFP	3-hydroxy-3-methylglutaryl coenzyme A reductase, HMG-CoA reductase, EC 1.1.1.34	A994_06366	Methanobacterium formicicum (strain DSM 3637 / PP1)	402	
EKF86946	K2QFU2	unreviewed	K2QFU2_METFP	Branched-chain-amino-acid aminotransferase, BCAT, EC 2.6.1.42	ilvE A994_01630	Methanobacterium formicicum (strain DSM 3637 / PP1)	306	
EKF86119	K2RCR5	unreviewed	K2RCR5_METFP	Precorrin-2 dehydrogenase, EC 1.3.1.76	A994_04165	Methanobacterium formicicum (strain DSM 3637 / PP1)	206	
EKF86615	K2RV04	unreviewed	K2RV04_METFP	NAD(+) diphosphatase, EC 3.6.1.22	A994_04003	Methanobacterium formicicum (strain DSM 3637 / PP1)	279	
EKF86002	K2R464	unreviewed	K2R464_METFP	Fe-S type, tartrate/fumarate subfamily hydro-lyase subunit alpha	A994_05931	Methanobacterium formicicum (strain DSM 3637 / PP1)	182	
EKF85836	K2QCV9	unreviewed	K2QCV9_METFP	Fumarate hydratase, EC 4.2.1.2	A994_07140	Methanobacterium formicicum (strain DSM 3637 / PP1)	280	
EKF85693	K2QZI0	unreviewed	K2QZI0_METFP	Fe-S type hydro-lyase tartrate/fumarate beta region	A994_06425	Methanobacterium formicicum (strain DSM 3637 / PP1)	192	
EKF85390	K2RRN6	unreviewed	K2RRN6_METFP	Tyrosine--tRNA ligase, EC 6.1.1.1 (Tyrosyl-tRNA synthetase, TyrRS)	tyrS A994_08151	Methanobacterium formicicum (strain DSM 3637 / PP1)	320	
EKF87079	K2RFA6	unreviewed	K2RFA6_METFP	6-phospho 3-hexuloisomerase	A994_02305	Methanobacterium formicicum (strain DSM 3637 / PP1)	197	
EKF85499	K2RAZ9	unreviewed	K2RAZ9_METFP	6-phospho 3-hexuloisomerase	A994_08696	Methanobacterium formicicum (strain DSM 3637 / PP1)	193	
EKF86892	K2R6T4	unreviewed	K2R6T4_METFP	Malate dehydrogenase, EC 1.1.1.38	A994_01360	Methanobacterium formicicum (strain DSM 3637 / PP1)	515	
EKF85958	K2R0A4	unreviewed	K2R0A4_METFP	Pyruvate carboxylase subunit A, EC 6.4.1.1	A994_05711	Methanobacterium formicicum (strain DSM 3637 / PP1)	495	
EKF84852	K2R107	unreviewed	K2R107_METFP	Deoxyribose-phosphate aldolase, DERA, EC 4.1.2.4 (2-deoxy-D-ribose 5-phosphate aldolase) (Phosphodeoxyriboaldolase, Deoxyriboaldolase)	deoC A994_11677	Methanobacterium formicicum (strain DSM 3637 / PP1)	228	
EKF85083	K2QXQ9	unreviewed	K2QXQ9_METFP	UBA/THIF-type NAD/FAD binding protein	A994_10709	Methanobacterium formicicum (strain DSM 3637 / PP1)	240	
EKF85983	K2R0C3	unreviewed	K2R0C3_METFP	Glyoxalase/bleomycin resistance protein/dioxygenase	A994_05836	Methanobacterium formicicum (strain DSM 3637 / PP1)	116	
EKF85372	K2R2H7	unreviewed	K2R2H7_METFP	Cation antiporter	A994_09451	Methanobacterium formicicum (strain DSM 3637 / PP1)	339	
EKF85301	K2QBH6	unreviewed	K2QBH6_METFP	Phosphoribosyl-ATP pyrophosphatase, PRA-PH, EC 3.6.1.31	hisE A994_09096	Methanobacterium formicicum (strain DSM 3637 / PP1)	95	
EKF85504	K2RB04	unreviewed	K2RB04_METFP	Phosphoribosyl-AMP cyclohydrolase, PRA-CH, EC 3.5.4.19	hisI A994_08721	Methanobacterium formicicum (strain DSM 3637 / PP1)	132	
EKF86910	K2RVY6	unreviewed	K2RVY6_METFP	Diaminopimelate epimerase, DAP epimerase, EC 5.1.1.7 (PLP-independent amino acid racemase)	dapF A994_01450	Methanobacterium formicicum (strain DSM 3637 / PP1)	290	
EKF86341	K2QE46	unreviewed	K2QE46_METFP	PyrE-like protein	A994_05275	Methanobacterium formicicum (strain DSM 3637 / PP1)	199	
EKF85527	K2R2S4	unreviewed	K2R2S4_METFP	Orotate phosphoribosyltransferase, OPRT, OPRTase, EC 2.4.2.10	pyrE A994_08836	Methanobacterium formicicum (strain DSM 3637 / PP1)	177	
EKF87118	K2R3J8	unreviewed	K2R3J8_METFP	ABC-type transport protein, permease component	A994_02500	Methanobacterium formicicum (strain DSM 3637 / PP1)	294	
EKF87117	K2R7C3	unreviewed	K2R7C3_METFP	ABC-type transporter protein, periplasmic component	A994_02495	Methanobacterium formicicum (strain DSM 3637 / PP1)	228	
EKF84809	K2R943	unreviewed	K2R943_METFP	Phenylacetic acid degradation-like protein	A994_11462	Methanobacterium formicicum (strain DSM 3637 / PP1)	137	
EKF86370	K2RUF7	unreviewed	K2RUF7_METFP	Pleiotropic regulatory protein	A994_02768	Methanobacterium formicicum (strain DSM 3637 / PP1)	369	
EKF85339	K2RAM7	unreviewed	K2RAM7_METFP	Glutamine--scyllo-inositol transaminase	A994_09286	Methanobacterium formicicum (strain DSM 3637 / PP1)	364	
EKF86457	K2R5G7	unreviewed	K2R5G7_METFP	Superoxide dismutase, EC 1.15.1.1	A994_03203	Methanobacterium formicicum (strain DSM 3637 / PP1)	235	
EKF85272	K2R229	unreviewed	K2R229_METFP	Catalase-peroxidase, CP, EC 1.11.1.21 (Peroxidase/catalase)	katG A994_08946	Methanobacterium formicicum (strain DSM 3637 / PP1)	721	
EKF86318	K2R1D4	unreviewed	K2R1D4_METFP	Peptide methionine sulfoxide reductase MsrB, EC 1.8.4.12 (Peptide-methionine (R)-S-oxide reductase)	msrB A994_05160	Methanobacterium formicicum (strain DSM 3637 / PP1)	155	
EKF86048	K2R0H4	unreviewed	K2R0H4_METFP	Phosphopantetheine adenylyltransferase, EC 2.7.7.3 (Dephospho-CoA pyrophosphorylase) (Pantetheine-phosphate adenylyltransferase, PPAT)	coaD A994_06161	Methanobacterium formicicum (strain DSM 3637 / PP1)	156	
EKF84799	K2R932	unreviewed	K2R932_METFP	CRISPR-associated helicase Cas3	A994_11412	Methanobacterium formicicum (strain DSM 3637 / PP1)	748	
EKF84713	K2QWN8	unreviewed	K2QWN8_METFP	Glutamine--fructose-6-phosphate aminotransferase [isomerizing], EC 2.6.1.16 (D-fructose-6-phosphate amidotransferase) (GFAT) (Glucosamine-6-phosphate synthase) (Hexosephosphate aminotransferase) (L-glutamine--D-fructose-6-phosphate amidotransferase)	glmS A994_11906	Methanobacterium formicicum (strain DSM 3637 / PP1)	593	
EKF85686	K2QCE5	unreviewed	K2QCE5_METFP	Phosphoribosylformylglycinamidine synthase subunit PurS, FGAM synthase, EC 6.3.5.3 (Formylglycinamide ribonucleotide amidotransferase subunit III, FGAR amidotransferase III, FGAR-AT III) (Phosphoribosylformylglycinamidine synthase subunit III)	purS A994_08136	Methanobacterium formicicum (strain DSM 3637 / PP1)	84	
EKF86855	K2RVU5	unreviewed	K2RVU5_METFP	Phosphoribosylformylglycinamidine synthase subunit PurL, FGAM synthase, EC 6.3.5.3 (Formylglycinamide ribonucleotide amidotransferase subunit II, FGAR amidotransferase II, FGAR-AT II) (Glutamine amidotransferase PurL) (Phosphoribosylformylglycinamidine synthase subunit II)	purL A994_01175	Methanobacterium formicicum (strain DSM 3637 / PP1)	721	
EKF85685	K2RSD3	unreviewed	K2RSD3_METFP	Phosphoribosylformylglycinamidine synthase subunit PurQ, FGAM synthase, EC 6.3.5.3 (Formylglycinamide ribonucleotide amidotransferase subunit I, FGAR amidotransferase I, FGAR-AT I) (Glutaminase PurQ, EC 3.5.1.2) (Phosphoribosylformylglycinamidine synthase subunit I)	purQ A994_08131	Methanobacterium formicicum (strain DSM 3637 / PP1)	216	
EKF84828	K2QX57	unreviewed	K2QX57_METFP	Probable cyclic pyranopterin monophosphate synthase, EC 4.6.1.17 (Molybdenum cofactor biosynthesis protein C)	moaC A994_11557	Methanobacterium formicicum (strain DSM 3637 / PP1)	163	
EKF86035	K2RTC5	unreviewed	K2RTC5_METFP	Class III aminotransferase	A994_06096	Methanobacterium formicicum (strain DSM 3637 / PP1)	438	
EKF84949	K2R9F2	unreviewed	K2R9F2_METFP	Aspartate--tRNA(Asp/Asn) ligase, EC 6.1.1.23 (Aspartyl-tRNA synthetase, AspRS) (Non-discriminating aspartyl-tRNA synthetase, ND-AspRS)	aspC aspS A994_11147	Methanobacterium formicicum (strain DSM 3637 / PP1)	439	
EKF87126	K2QGC0	unreviewed	K2QGC0_METFP	Glutamine synthetase, EC 6.3.1.2	A994_02540	Methanobacterium formicicum (strain DSM 3637 / PP1)	442	
EKF85687	K2R370	unreviewed	K2R370_METFP	Phosphoribosylaminoimidazole-succinocarboxamide synthase, EC 6.3.2.6 (SAICAR synthetase)	purC A994_08141	Methanobacterium formicicum (strain DSM 3637 / PP1)	248	
EKF85769	K2RBU1	unreviewed	K2RBU1_METFP	V-type ATP synthase alpha chain, EC 7.1.2.2 (V-ATPase subunit A)	atpA A994_06805	Methanobacterium formicicum (strain DSM 3637 / PP1)	584	
EKF85855	K2RT14	unreviewed	K2RT14_METFP	Queuosine synthesis-like protein	A994_07235	Methanobacterium formicicum (strain DSM 3637 / PP1)	184	
EKF85704	K2RBL8	unreviewed	K2RBL8_METFP	7-cyano-7-deazaguanine synthase, EC 6.3.4.20 (7-cyano-7-carbaguanine synthase) (Archaeosine biosynthesis protein QueC) (PreQ(0) synthase)	queC A994_06480	Methanobacterium formicicum (strain DSM 3637 / PP1)	229	
EKF86997	K2R710	unreviewed	K2R710_METFP	Alanine dehydrogenase, AlaDH, EC 1.4.1.1	ala A994_01885	Methanobacterium formicicum (strain DSM 3637 / PP1)	327	
EKF86959	K2REZ1	unreviewed	K2REZ1_METFP	Dihydroxy-acid dehydratase, DAD, EC 4.2.1.9	ilvD A994_01695	Methanobacterium formicicum (strain DSM 3637 / PP1)	551	
EKF85683	K2QZG7	unreviewed	K2QZG7_METFP	Uroporphyrinogen-III synthase	A994_08121	Methanobacterium formicicum (strain DSM 3637 / PP1)	260	
EKF87030	K2RW86	unreviewed	K2RW86_METFP	NH(3)-dependent NAD(+) synthetase, EC 6.3.1.5	nadE A994_02050	Methanobacterium formicicum (strain DSM 3637 / PP1)	269	
EKF85447	K2R2M4	unreviewed	K2R2M4_METFP	Ammonium transporter	A994_08436	Methanobacterium formicicum (strain DSM 3637 / PP1)	410	
EKF85445	K2RRT2	unreviewed	K2RRT2_METFP	Ammonium transporter	A994_08426	Methanobacterium formicicum (strain DSM 3637 / PP1)	408	
EKF85040	K2RQK2	unreviewed	K2RQK2_METFP	UPF0200 protein A994_10494	A994_10494	Methanobacterium formicicum (strain DSM 3637 / PP1)	192	
EKF86039	K2RCK5	unreviewed	K2RCK5_METFP	Protein ArnB	A994_06116	Methanobacterium formicicum (strain DSM 3637 / PP1)	306	
EKF85095	K2RQQ1	unreviewed	K2RQQ1_METFP	NADH dehydrogenase (Quinone)	A994_10769	Methanobacterium formicicum (strain DSM 3637 / PP1)	378	
EKF86667	K2R5Y5	unreviewed	K2R5Y5_METFP	NADH dehydrogenase (Quinone)	A994_00235	Methanobacterium formicicum (strain DSM 3637 / PP1)	375	
EKF85100	K2RQQ6	unreviewed	K2RQQ6_METFP	Respiratory-chain NADH dehydrogenase subunit 1	A994_10794	Methanobacterium formicicum (strain DSM 3637 / PP1)	286	
EKF85065	K2RQM0	unreviewed	K2RQM0_METFP	Cysteine--tRNA ligase, EC 6.1.1.16 (Cysteinyl-tRNA synthetase, CysRS)	cysS A994_10619	Methanobacterium formicicum (strain DSM 3637 / PP1)	461	
EKF86693	K2R2D4	unreviewed	K2R2D4_METFP	Methyl-coenzyme M reductase subunit gamma, EC 2.8.4.1	A994_00365	Methanobacterium formicicum (strain DSM 3637 / PP1)	266	
EKF85362	K2R2H1	unreviewed	K2R2H1_METFP	Methyl-coenzyme M reductase subunit gamma, EC 2.8.4.1	A994_09401	Methanobacterium formicicum (strain DSM 3637 / PP1)	249	
EKF85363	K2QYM4	unreviewed	K2QYM4_METFP	Methyl-coenzyme M reductase subunit alpha, EC 2.8.4.1	A994_09406	Methanobacterium formicicum (strain DSM 3637 / PP1)	550	
EKF86694	K2REA7	unreviewed	K2REA7_METFP	Methyl-coenzyme M reductase subunit alpha, EC 2.8.4.1	A994_00370	Methanobacterium formicicum (strain DSM 3637 / PP1)	550	
EKF85359	K2RAN9	unreviewed	K2RAN9_METFP	Methyl-coenzyme M reductase subunit beta, EC 2.8.4.1 (Coenzyme-B sulfoethylthiotransferase beta)	A994_09386	Methanobacterium formicicum (strain DSM 3637 / PP1)	443	
EKF86691	K2QF15	unreviewed	K2QF15_METFP	Methyl-coenzyme M reductase subunit beta, EC 2.8.4.1 (Coenzyme-B sulfoethylthiotransferase beta)	A994_00355	Methanobacterium formicicum (strain DSM 3637 / PP1)	443	
EKF85045	K2RQK4	unreviewed	K2RQK4_METFP	CTP synthase, EC 6.3.4.2 (Cytidine 5'-triphosphate synthase) (Cytidine triphosphate synthetase, CTP synthetase, CTPS) (UTP--ammonia ligase)	pyrG A994_10519	Methanobacterium formicicum (strain DSM 3637 / PP1)	529	
EKF86871	K2QFP4	unreviewed	K2QFP4_METFP	Precorrin-2 C20-methyltransferase	A994_01255	Methanobacterium formicicum (strain DSM 3637 / PP1)	238	
EKF86633	K2R279	unreviewed	K2R279_METFP	Signal transduction protein with CBS domains	A994_00065	Methanobacterium formicicum (strain DSM 3637 / PP1)	186	
EKF86477	K2R5I3	unreviewed	K2R5I3_METFP	Inosine-5'-monophosphate dehydrogenase, IMP dehydrogenase, IMPD, IMPDH, EC 1.1.1.205	guaB A994_03303	Methanobacterium formicicum (strain DSM 3637 / PP1)	496	
EKF86772	K2R6B2	unreviewed	K2R6B2_METFP	Chaperone protein DnaK (HSP70) (Heat shock 70 kDa protein) (Heat shock protein 70)	dnaK A994_00760	Methanobacterium formicicum (strain DSM 3637 / PP1)	624	
EKF86159	K2RCU5	unreviewed	K2RCU5_METFP	Elongation factor 2, EF-2	fusA A994_04365	Methanobacterium formicicum (strain DSM 3637 / PP1)	730	
EKF86973	K2R355	unreviewed	K2R355_METFP	Imidazoleglycerol-phosphate dehydratase, IGPD, EC 4.2.1.19	hisB A994_01765	Methanobacterium formicicum (strain DSM 3637 / PP1)	192	
EKF86443	K2R1Q0	unreviewed	K2R1Q0_METFP	Heavy metal ABC transporter substrate-binding protein	A994_03133	Methanobacterium formicicum (strain DSM 3637 / PP1)	295	
EKF86445	K2RUL0	unreviewed	K2RUL0_METFP	ABC transporter permease	A994_03143	Methanobacterium formicicum (strain DSM 3637 / PP1)	267	
EKF86639	K2RE61	unreviewed	K2RE61_METFP	Homoserine dehydrogenase, EC 1.1.1.3	A994_00095	Methanobacterium formicicum (strain DSM 3637 / PP1)	427	
EKF85049	K2R9N5	unreviewed	K2R9N5_METFP	Homoserine dehydrogenase, EC 1.1.1.3	A994_10539	Methanobacterium formicicum (strain DSM 3637 / PP1)	337	
EKF84807	K2R0V3	unreviewed	K2R0V3_METFP	Peptide methionine sulfoxide reductase MsrA, Protein-methionine-S-oxide reductase, EC 1.8.4.11 (Peptide-methionine (S)-S-oxide reductase, Peptide Met(O) reductase)	msrA A994_11452	Methanobacterium formicicum (strain DSM 3637 / PP1)	161	
EKF86869	K2RES5	unreviewed	K2RES5_METFP	Homoserine O-acetyltransferase	A994_01245	Methanobacterium formicicum (strain DSM 3637 / PP1)	329	
EKF86621	K2QEU7	unreviewed	K2QEU7_METFP	Coenzyme A biosynthesis bifunctional protein CoaBC (DNA/pantothenate metabolism flavoprotein) (Phosphopantothenoylcysteine synthetase/decarboxylase, PPCS-PPCDC) [Includes: Phosphopantothenoylcysteine decarboxylase, PPC decarboxylase, PPC-DC, EC 4.1.1.36 (CoaC); Phosphopantothenate--cysteine ligase, EC 6.3.2.5 (CoaB) (Phosphopantothenoylcysteine synthetase, PPC synthetase, PPC-S) ]	coaBC A994_00005	Methanobacterium formicicum (strain DSM 3637 / PP1)	393	
EKF86988	K2R363	unreviewed	K2R363_METFP	Daunorubicin resistance ABC transporter ATPase subunit	A994_01840	Methanobacterium formicicum (strain DSM 3637 / PP1)	362	
EKF86079	K2RCN6	unreviewed	K2RCN6_METFP	Sulfate-transporting ATPase	A994_06326	Methanobacterium formicicum (strain DSM 3637 / PP1)	313	
EKF85708	K2QZJ4	unreviewed	K2QZJ4_METFP	Pyruvate carboxylase subunit B, EC 6.4.1.1	A994_06500	Methanobacterium formicicum (strain DSM 3637 / PP1)	572	
EKF86968	K2R351	unreviewed	K2R351_METFP	F420-dependent methylenetetrahydromethanopterin dehydrogenase, MTD, EC 1.5.98.1 (Coenzyme F420-dependent N5,N10-methylenetetrahydromethanopterin dehydrogenase)	mtd A994_01740	Methanobacterium formicicum (strain DSM 3637 / PP1)	276	
EKF86813	K2R2R0	unreviewed	K2R2R0_METFP	Methylase	A994_00965	Methanobacterium formicicum (strain DSM 3637 / PP1)	198	
EKF85511	K2QC11	unreviewed	K2QC11_METFP	Shikimate dehydrogenase (NADP(+)), SDH, EC 1.1.1.25	aroE A994_08756	Methanobacterium formicicum (strain DSM 3637 / PP1)	283	
EKF85882	K2R3X9	unreviewed	K2R3X9_METFP	5,10-methylenetetrahydromethanopterin reductase, EC 1.5.98.2 (Coenzyme F420-dependent N(5),N(10)-methylenetetrahydromethanopterin reductase) (Methylene-H(4)MPT reductase)	mer A994_07370	Methanobacterium formicicum (strain DSM 3637 / PP1)	321	
EKF86634	K2RE57	unreviewed	K2RE57_METFP	7-carboxy-7-deazaguanine synthase, CDG synthase, EC 4.3.99.3 (Archaeosine biosynthesis protein QueE)	queE A994_00070	Methanobacterium formicicum (strain DSM 3637 / PP1)	247	
EKF84761	K2Q9Y4	unreviewed	K2Q9Y4_METFP	NADPH-dependent FMN reductase	A994_12146	Methanobacterium formicicum (strain DSM 3637 / PP1)	242	
EKF85217	K2R1V7	unreviewed	K2R1V7_METFP	Alpha/beta hydrolase domain-containing protein	A994_10058	Methanobacterium formicicum (strain DSM 3637 / PP1)	295	
EKF86115	K2RTI3	unreviewed	K2RTI3_METFP	Hydroxylamine reductase, EC 1.7.99.1 (Hybrid-cluster protein, HCP) (Prismane protein)	hcp A994_04145	Methanobacterium formicicum (strain DSM 3637 / PP1)	458	
EKF85112	K2R1I3	unreviewed	K2R1I3_METFP	NAD-dependent epimerase/dehydratase	A994_10854	Methanobacterium formicicum (strain DSM 3637 / PP1)	410	
EKF86800	K2RVM1	unreviewed	K2RVM1_METFP	NUDIX hydrolase	A994_00900	Methanobacterium formicicum (strain DSM 3637 / PP1)	134	
EKF87032	K2R740	unreviewed	K2R740_METFP	Leucine--tRNA ligase, EC 6.1.1.4 (Leucyl-tRNA synthetase, LeuRS)	leuS A994_02060	Methanobacterium formicicum (strain DSM 3637 / PP1)	951	
EKF86854	K2RER6	unreviewed	K2RER6_METFP	Isoleucine--tRNA ligase, EC 6.1.1.5 (Isoleucyl-tRNA synthetase, IleRS)	ileS A994_01170	Methanobacterium formicicum (strain DSM 3637 / PP1)	1047	
EKF86403	K2R1L5	unreviewed	K2R1L5_METFP	Valine--tRNA ligase, EC 6.1.1.9 (Valyl-tRNA synthetase, ValRS)	valS A994_02933	Methanobacterium formicicum (strain DSM 3637 / PP1)	918	
EKF84826	K2QA60	unreviewed	K2QA60_METFP	Cobalt-precorrin-5B C(1)-methyltransferase, EC 2.1.1.195 (Cobalt-precorrin-6A synthase)	cbiD A994_11547	Methanobacterium formicicum (strain DSM 3637 / PP1)	390	
EKF86918	K2R316	unreviewed	K2R316_METFP	Cobalamin (Vitamin B12) biosynthesis protein CbiG	A994_01490	Methanobacterium formicicum (strain DSM 3637 / PP1)	334	
EKF85014	K2R9K7	unreviewed	K2R9K7_METFP	Chorismate synthase, CS, EC 4.2.3.5 (5-enolpyruvylshikimate-3-phosphate phospholyase)	aroC A994_10364	Methanobacterium formicicum (strain DSM 3637 / PP1)	363	
EKF86943	K2R334	unreviewed	K2R334_METFP	UPF0284 protein A994_01615	A994_01615	Methanobacterium formicicum (strain DSM 3637 / PP1)	360	
EKF86626	K2QEV2	unreviewed	K2QEV2_METFP	Prephenate dehydratase	A994_00030	Methanobacterium formicicum (strain DSM 3637 / PP1)	269	
EKF85653	K2QZD4	unreviewed	K2QZD4_METFP	Glyceraldehyde 3-phosphate phosphatase	A994_07971	Methanobacterium formicicum (strain DSM 3637 / PP1)	226	
EKF85815	K2RSU4	unreviewed	K2RSU4_METFP	Acetyl-CoA decarbonylase/synthase complex subunit gamma, ACDS complex subunit gamma, EC 2.1.1.245 (5-methyltetrahydrosarcinapterin:corrinoid/iron-sulfur protein Co-methyltransferase) (ACDS complex methyltransferase) (Corrinoid/iron-sulfur component large subunit)	cdhE A994_07035	Methanobacterium formicicum (strain DSM 3637 / PP1)	463	
EKF85814	K2RBZ2	unreviewed	K2RBZ2_METFP	Acetyl-CoA decarbonylase/synthase complex subunit delta, ACDS complex subunit delta (Corrinoid/iron-sulfur component small subunit)	cdhD A994_07030	Methanobacterium formicicum (strain DSM 3637 / PP1)	387	
EKF86126	K2QDL1	unreviewed	K2QDL1_METFP	Coenzyme F420:L-glutamate ligase, EC 6.3.2.31, EC 6.3.2.34 (Coenzyme F420-0:L-glutamate ligase) (Coenzyme F420-1:gamma-L-glutamate ligase)	cofE A994_04200	Methanobacterium formicicum (strain DSM 3637 / PP1)	254	
EKF85126	K2QAX8	unreviewed	K2QAX8_METFP	Putative thymidylate synthase, TS, TSase, EC 2.1.1.-	thyA A994_09603	Methanobacterium formicicum (strain DSM 3637 / PP1)	205	
EKF85899	K2RC94	unreviewed	K2RC94_METFP	Uncharacterized protein	A994_05416	Methanobacterium formicicum (strain DSM 3637 / PP1)	297	
EKF85902	K2R3Z0	unreviewed	K2R3Z0_METFP	Uncharacterized protein	A994_05431	Methanobacterium formicicum (strain DSM 3637 / PP1)	298	
EKF86312	K2R544	unreviewed	K2R544_METFP	Geranylgeranyl reductase	A994_05130	Methanobacterium formicicum (strain DSM 3637 / PP1)	392	
EKF84726	K2Q9V3	unreviewed	K2Q9V3_METFP	Digeranylgeranylglycerophospholipid reductase, DGGGPL reductase, EC 1.3.-.- (2,3-bis-O-geranylgeranylglyceryl phosphate reductase) (Geranylgeranyl reductase, GGR)	A994_11971	Methanobacterium formicicum (strain DSM 3637 / PP1)	393	
EKF86696	K2QF23	unreviewed	K2QF23_METFP	Digeranylgeranylglycerophospholipid reductase, DGGGPL reductase, EC 1.3.-.- (2,3-bis-O-geranylgeranylglyceryl phosphate reductase) (Geranylgeranyl reductase, GGR)	A994_00380	Methanobacterium formicicum (strain DSM 3637 / PP1)	393	
EKF85820	K2RSV2	unreviewed	K2RSV2_METFP	Digeranylgeranylglycerophospholipid reductase, DGGGPL reductase, EC 1.3.-.- (2,3-bis-O-geranylgeranylglyceryl phosphate reductase) (Geranylgeranyl reductase, GGR)	A994_07060	Methanobacterium formicicum (strain DSM 3637 / PP1)	385	
EKF85643	K2QZC3	unreviewed	K2QZC3_METFP	Cobalamin biosynthesis protein N	A994_07921	Methanobacterium formicicum (strain DSM 3637 / PP1)	1458	
EKF85135	K2RQU4	unreviewed	K2RQU4_METFP	Ribose-phosphate pyrophosphokinase, RPPK, EC 2.7.6.1 (5-phospho-D-ribosyl alpha-1-diphosphate) (Phosphoribosyl diphosphate synthase) (Phosphoribosyl pyrophosphate synthase, P-Rib-PP synthase, PRPP synthase, PRPPase)	prs A994_09648	Methanobacterium formicicum (strain DSM 3637 / PP1)	285	
EKF84908	K2QXC8	unreviewed	K2QXC8_METFP	Glycosyltransferase	A994_10942	Methanobacterium formicicum (strain DSM 3637 / PP1)	397	
EKF84909	K2R9C4	unreviewed	K2R9C4_METFP	Group 1 glycosyl transferase	A994_10947	Methanobacterium formicicum (strain DSM 3637 / PP1)	373	
EKF85830	K2RSW6	unreviewed	K2RSW6_METFP	Phosphate transport system permease protein PstA	A994_07110	Methanobacterium formicicum (strain DSM 3637 / PP1)	282	
EKF85829	K2RC11	unreviewed	K2RC11_METFP	Phosphate ABC transporter permease	A994_07105	Methanobacterium formicicum (strain DSM 3637 / PP1)	291	
EKF85827	K2R3R6	unreviewed	K2R3R6_METFP	Phosphate binding protein	A994_07095	Methanobacterium formicicum (strain DSM 3637 / PP1)	281	
EKF85839	K2RC41	unreviewed	K2RC41_METFP	Phosphate binding protein	A994_07155	Methanobacterium formicicum (strain DSM 3637 / PP1)	281	
EKF85828	K2QZX7	unreviewed	K2QZX7_METFP	Extracellular phosphate-binding protein	A994_07100	Methanobacterium formicicum (strain DSM 3637 / PP1)	268	
EKF85450	K2RRT7	unreviewed	K2RRT7_METFP	Glutamate synthase subunit alpha domain-containing protein	A994_08451	Methanobacterium formicicum (strain DSM 3637 / PP1)	230	
EKF85331	K2QBL3	unreviewed	K2QBL3_METFP	Glutamate synthase subunit	A994_09246	Methanobacterium formicicum (strain DSM 3637 / PP1)	224	
EKF85448	K2QYS6	unreviewed	K2QYS6_METFP	Archaeal glutamate synthase [NADPH], EC 1.4.1.13	A994_08441	Methanobacterium formicicum (strain DSM 3637 / PP1)	499	
EKF85853	K2R014	unreviewed	K2R014_METFP	Thioredoxin domain-containing protein	A994_07225	Methanobacterium formicicum (strain DSM 3637 / PP1)	99	
EKF87128	K2R3K9	unreviewed	K2R3K9_METFP	UBA/THIF-type NAD/FAD binding protein	A994_02550	Methanobacterium formicicum (strain DSM 3637 / PP1)	250	
EKF85082	K2R1G2	unreviewed	K2R1G2_METFP	Probable tRNA sulfurtransferase, EC 2.8.1.4 (Sulfur carrier protein ThiS sulfurtransferase) (Thiamine biosynthesis protein ThiI) (tRNA 4-thiouridine synthase)	thiI A994_10704	Methanobacterium formicicum (strain DSM 3637 / PP1)	384	
EKF86895	K2RVX5	unreviewed	K2RVX5_METFP	Acetyl-CoA hydrolase/transferase	A994_01375	Methanobacterium formicicum (strain DSM 3637 / PP1)	433	
EKF87082	K2R788	unreviewed	K2R788_METFP	Probable GTP 3',8-cyclase, EC 4.1.99.22 (Molybdenum cofactor biosynthesis protein A)	moaA A994_02320	Methanobacterium formicicum (strain DSM 3637 / PP1)	309	
EKF86124	K2RCR9	unreviewed	K2RCR9_METFP	2-phospho-L-lactate transferase, EC 2.7.8.28 (EPPG:FO PEP transferase)	cofD A994_04190	Methanobacterium formicicum (strain DSM 3637 / PP1)	301	
EKF84745	K2RPS7	unreviewed	K2RPS7_METFP	Uncharacterized protein	A994_12066	Methanobacterium formicicum (strain DSM 3637 / PP1)	335	
EKF86233	K2R120	unreviewed	K2R120_METFP	Glutamine amidotransferase of anthranilate synthase	A994_04735	Methanobacterium formicicum (strain DSM 3637 / PP1)	192	
EKF86309	K2RD98	unreviewed	K2RD98_METFP	Molybdenum cofactor synthesis domain-containing protein	A994_05115	Methanobacterium formicicum (strain DSM 3637 / PP1)	410	
EKF86861	K2QFN8	unreviewed	K2QFN8_METFP	Molybdenum cofactor synthesis domain-containing protein	A994_01205	Methanobacterium formicicum (strain DSM 3637 / PP1)	404	
EKF86455	K2RUL8	unreviewed	K2RUL8_METFP	Amino acid-binding ACT domain-containing protein	A994_03193	Methanobacterium formicicum (strain DSM 3637 / PP1)	143	
EKF84694	K2R8P4	unreviewed	K2R8P4_METFP	Amino acid-binding ACT domain-containing protein	A994_12483	Methanobacterium formicicum (strain DSM 3637 / PP1)	143	
EKF84936	K2QAG2	unreviewed	K2QAG2_METFP	3-dehydroquinate synthase, DHQ synthase, EC 1.4.1.24 (3-dehydroquinate synthase II)	aroB' A994_11082	Methanobacterium formicicum (strain DSM 3637 / PP1)	374	
EKF85876	K2QD02	unreviewed	K2QD02_METFP	Sirohydrochlorin cobaltochelatase, EC 4.99.1.3 (CbiXS) (Sirohydrochlorin nickelchelatase, EC 4.99.1.11)	cbiX cfbA A994_07340	Methanobacterium formicicum (strain DSM 3637 / PP1)	142	
EKF86817	K2R6H1	unreviewed	K2R6H1_METFP	Sirohydrochlorin cobaltochelatase, EC 4.99.1.3 (CbiXS) (Sirohydrochlorin nickelchelatase, EC 4.99.1.11)	cbiX cfbA A994_00985	Methanobacterium formicicum (strain DSM 3637 / PP1)	149	
EKF86090	K2RTG6	unreviewed	K2RTG6_METFP	3-dehydroquinate dehydratase, 3-dehydroquinase, EC 4.2.1.10 (Type I DHQase) (Type I dehydroquinase, DHQ1)	aroD A994_06381	Methanobacterium formicicum (strain DSM 3637 / PP1)	224	
EKF85915	K2RT51	unreviewed	K2RT51_METFP	Enolase, EC 4.2.1.11 (2-phospho-D-glycerate hydro-lyase) (2-phosphoglycerate dehydratase)	eno A994_05496	Methanobacterium formicicum (strain DSM 3637 / PP1)	416	
EKF85989	K2RCG3	unreviewed	K2RCG3_METFP	Enolase, EC 4.2.1.11 (2-phospho-D-glycerate hydro-lyase) (2-phosphoglycerate dehydratase)	eno A994_05866	Methanobacterium formicicum (strain DSM 3637 / PP1)	413	
EKF84927	K2R152	unreviewed	K2R152_METFP	N-acetylglucosamine-1-phosphate transferase	A994_11037	Methanobacterium formicicum (strain DSM 3637 / PP1)	323	
EKF84691	K2Q9R2	unreviewed	K2Q9R2_METFP	Indolepyruvate oxidoreductase subunit IorA, IOR, EC 1.2.7.8 (Indolepyruvate ferredoxin oxidoreductase subunit alpha)	A994_12468	Methanobacterium formicicum (strain DSM 3637 / PP1)	626	
EKF87029	K2RF56	unreviewed	K2RF56_METFP	Arsenite-activated ATPase ArsA	A994_02045	Methanobacterium formicicum (strain DSM 3637 / PP1)	325	
EKF84818	K2QX37	unreviewed	K2QX37_METFP	Aspartate-semialdehyde dehydrogenase, ASA dehydrogenase, ASADH, EC 1.2.1.11 (Aspartate-beta-semialdehyde dehydrogenase)	asd A994_11507	Methanobacterium formicicum (strain DSM 3637 / PP1)	348	
EKF86412	K2R5D6	unreviewed	K2R5D6_METFP	N-acetyl-gamma-glutamyl-phosphate reductase, AGPR, EC 1.2.1.38 (N-acetyl-glutamate semialdehyde dehydrogenase, NAGSA dehydrogenase)	argC A994_02978	Methanobacterium formicicum (strain DSM 3637 / PP1)	336	
EKF84904	K2R9C0	unreviewed	K2R9C0_METFP	NAD-dependent epimerase/dehydratase	A994_10922	Methanobacterium formicicum (strain DSM 3637 / PP1)	409	
EKF87058	K2R3C8	unreviewed	K2R3C8_METFP	Anaerobic ribonucleoside-triphosphate reductase	A994_02200	Methanobacterium formicicum (strain DSM 3637 / PP1)	768	
EKF85293	K2QYD8	unreviewed	K2QYD8_METFP	Dihydroorotate dehydrogenase, electron transfer subunit, iron-sulfur cluster binding domain-containing protein	A994_09051	Methanobacterium formicicum (strain DSM 3637 / PP1)	276	
EKF86301	K2QDZ6	unreviewed	K2QDZ6_METFP	PHP domain-containing protein	A994_05075	Methanobacterium formicicum (strain DSM 3637 / PP1)	213	
EKF86980	K2RW45	unreviewed	K2RW45_METFP	PHP domain-containing protein	A994_01800	Methanobacterium formicicum (strain DSM 3637 / PP1)	215	
EKF84675	K2RPI1	unreviewed	K2RPI1_METFP	Nicotinate-nucleotide pyrophosphorylase [carboxylating], EC 2.4.2.19 (Quinolinate phosphoribosyltransferase [decarboxylating])	A994_12388	Methanobacterium formicicum (strain DSM 3637 / PP1)	279	
EKF85694	K2RBK5	unreviewed	K2RBK5_METFP	Uracil phosphoribosyltransferase, EC 2.4.2.9 (UMP pyrophosphorylase)	upp A994_06430	Methanobacterium formicicum (strain DSM 3637 / PP1)	211	
EKF85523	K2QYY6	unreviewed	K2QYY6_METFP	Methanogenesis marker protein 2	A994_08816	Methanobacterium formicicum (strain DSM 3637 / PP1)	328	
EKF86818	K2R2R4	unreviewed	K2R2R4_METFP	Thiamine-monophosphate kinase, TMP kinase, Thiamine-phosphate kinase, EC 2.7.4.16	thiL A994_00990	Methanobacterium formicicum (strain DSM 3637 / PP1)	356	
EKF86768	K2R2K9	unreviewed	K2R2K9_METFP	1-(5-phosphoribosyl)-5-amino-4-imidazole-carboxylate (AIR) carboxylase	A994_00740	Methanobacterium formicicum (strain DSM 3637 / PP1)	254	
EKF85505	K2RRY1	unreviewed	K2RRY1_METFP	Histidine--tRNA ligase, EC 6.1.1.21 (Histidyl-tRNA synthetase, HisRS)	hisS A994_08726	Methanobacterium formicicum (strain DSM 3637 / PP1)	430	
EKF86686	K2QF10	unreviewed	K2QF10_METFP	Argininosuccinate synthase, EC 6.3.4.5 (Citrulline--aspartate ligase)	argG A994_00330	Methanobacterium formicicum (strain DSM 3637 / PP1)	392	
EKF85477	K2R2P3	unreviewed	K2R2P3_METFP	Argininosuccinate lyase, ASAL, EC 4.3.2.1 (Arginosuccinase)	argH A994_08586	Methanobacterium formicicum (strain DSM 3637 / PP1)	469	
EKF87096	K2QG91	unreviewed	K2QG91_METFP	Nitrogenase	A994_02390	Methanobacterium formicicum (strain DSM 3637 / PP1)	462	
EKF86281	K2QDY3	unreviewed	K2QDY3_METFP	Nitrogenase iron protein, EC 1.18.6.1 (Nitrogenase Fe protein) (Nitrogenase component II) (Nitrogenase reductase)	nifH A994_04975	Methanobacterium formicicum (strain DSM 3637 / PP1)	264	
EKF87100	K2RWE1	unreviewed	K2RWE1_METFP	Nitrogenase iron protein, EC 1.18.6.1 (Nitrogenase Fe protein) (Nitrogenase component II) (Nitrogenase reductase)	nifH A994_02410	Methanobacterium formicicum (strain DSM 3637 / PP1)	275	
EKF87097	K2R7A2	unreviewed	K2R7A2_METFP	Nitrogenase protein alpha chain, EC 1.18.6.1	A994_02395	Methanobacterium formicicum (strain DSM 3637 / PP1)	500	
EKF87094	K2RFB9	unreviewed	K2RFB9_METFP	Nitrogenase iron-molybdenum cofactor biosynthesis protein NifN	A994_02380	Methanobacterium formicicum (strain DSM 3637 / PP1)	476	
EKF85994	K2RCG7	unreviewed	K2RCG7_METFP	Acetate--CoA ligase (ADP-forming), EC 6.2.1.13	A994_05891	Methanobacterium formicicum (strain DSM 3637 / PP1)	713	
EKF86468	K2R1S4	unreviewed	K2R1S4_METFP	Phosphonate-transporting ATPase	A994_03258	Methanobacterium formicicum (strain DSM 3637 / PP1)	577	
EKF85734	K2RBQ2	unreviewed	K2RBQ2_METFP	Methyl coenzyme M reductase system, component A2	A994_06630	Methanobacterium formicicum (strain DSM 3637 / PP1)	533	
EKF86062	K2R4B8	unreviewed	K2R4B8_METFP	Phytoene synthase	A994_06241	Methanobacterium formicicum (strain DSM 3637 / PP1)	283	
EKF87035	K2RW89	unreviewed	K2RW89_METFP	5'-deoxyadenosine deaminase, 5'-dA deaminase, EC 3.5.4.41 (5'-methylthioadenosine deaminase, MTA deaminase, EC 3.5.4.31) (Adenosine deaminase, EC 3.5.4.4) (S-adenosylhomocysteine deaminase, SAH deaminase, EC 3.5.4.28)	dadD A994_02075	Methanobacterium formicicum (strain DSM 3637 / PP1)	430	
EKF86343	K2R1G9	unreviewed	K2R1G9_METFP	Archaeal glutamate synthase [NADPH], EC 1.4.1.13	A994_05285	Methanobacterium formicicum (strain DSM 3637 / PP1)	499	
EKF86037	K2R497	unreviewed	K2R497_METFP	AFP-like domain-containing protein	A994_06106	Methanobacterium formicicum (strain DSM 3637 / PP1)	335	
EKF87110	K2RWF3	unreviewed	K2RWF3_METFP	ABC transporter substrate-binding protein	A994_02460	Methanobacterium formicicum (strain DSM 3637 / PP1)	355	
EKF87103	K2R3H8	unreviewed	K2R3H8_METFP	ABC transporter substrate-binding protein	A994_02425	Methanobacterium formicicum (strain DSM 3637 / PP1)	353	
EKF86102	K2R4F1	unreviewed	K2R4F1_METFP	Pyruvate/ketoisovalerate oxidoreductase	A994_04080	Methanobacterium formicicum (strain DSM 3637 / PP1)	490	
EKF86100	K2RTH2	unreviewed	K2RTH2_METFP	4Fe-4S ferredoxin	A994_04070	Methanobacterium formicicum (strain DSM 3637 / PP1)	96	
EKF85488	K2QYV5	unreviewed	K2QYV5_METFP	Nucleoside diphosphate kinase, NDK, NDP kinase, EC 2.7.4.6 (Nucleoside-2-P kinase)	ndk A994_08641	Methanobacterium formicicum (strain DSM 3637 / PP1)	151	
EKF85695	K2RSE6	unreviewed	K2RSE6_METFP	Quinoprotein glucose dehydrogenase	A994_06435	Methanobacterium formicicum (strain DSM 3637 / PP1)	351	
EKF86828	K2R2S3	unreviewed	K2R2S3_METFP	3-isopropylmalate dehydratase large subunit, EC 4.2.1.33 (Alpha-IPM isomerase, IPMI) (Isopropylmalate isomerase)	leuC A994_01040	Methanobacterium formicicum (strain DSM 3637 / PP1)	416	
EKF86827	K2R6I1	unreviewed	K2R6I1_METFP	3-isopropylmalate dehydratase small subunit, EC 4.2.1.33 (Alpha-IPM isomerase, IPMI) (Isopropylmalate isomerase)	leuD A994_01035	Methanobacterium formicicum (strain DSM 3637 / PP1)	169	
EKF86254	K2RD39	unreviewed	K2RD39_METFP	3-isopropylmalate dehydratase large subunit, EC 4.2.1.33 (Alpha-IPM isomerase, IPMI) (Isopropylmalate isomerase)	leuC A994_04840	Methanobacterium formicicum (strain DSM 3637 / PP1)	414	
EKF84867	K2R116	unreviewed	K2R116_METFP	Methanogen homoaconitase small subunit, HACN, EC 4.2.1.114 (Homoaconitate hydratase)	hacB A994_11752	Methanobacterium formicicum (strain DSM 3637 / PP1)	169	
EKF85698	K2QZI5	unreviewed	K2QZI5_METFP	Phosphatidylglycerophosphatase A	A994_06450	Methanobacterium formicicum (strain DSM 3637 / PP1)	148	
EKF84821	K2QA54	unreviewed	K2QA54_METFP	Aspartokinase, EC 2.7.2.4	A994_11522	Methanobacterium formicicum (strain DSM 3637 / PP1)	406	
EKF85281	K2QBF3	unreviewed	K2QBF3_METFP	Uncharacterized protein	A994_08991	Methanobacterium formicicum (strain DSM 3637 / PP1)	922	
EKF84961	K2QAI2	unreviewed	K2QAI2_METFP	FUN34-like protein	A994_11207	Methanobacterium formicicum (strain DSM 3637 / PP1)	192	
EKF85844	K2RC51	unreviewed	K2RC51_METFP	Pyruvate ferredoxin oxidoreductase subunit beta	A994_07180	Methanobacterium formicicum (strain DSM 3637 / PP1)	287	
EKF85846	K2QCY2	unreviewed	K2QCY2_METFP	Pyruvate ferredoxin/flavodoxin oxidoreductase subunit delta	A994_07190	Methanobacterium formicicum (strain DSM 3637 / PP1)	80	
EKF85125	K2RQT5	unreviewed	K2RQT5_METFP	Methenyltetrahydromethanopterin cyclohydrolase, EC 3.5.4.27 (Methenyl-H4MPT cyclohydrolase)	mch A994_09598	Methanobacterium formicicum (strain DSM 3637 / PP1)	320	
EKF86107	K2R4F4	unreviewed	K2R4F4_METFP	Glutamyl-tRNA(Gln) amidotransferase subunit D, Glu-ADT subunit D, EC 6.3.5.-	gatD A994_04105	Methanobacterium formicicum (strain DSM 3637 / PP1)	441	
EKF85987	K2R450	unreviewed	K2R450_METFP	Inorganic pyrophosphatase, EC 3.6.1.1 (Pyrophosphate phospho-hydrolase, PPase)	ppa A994_05856	Methanobacterium formicicum (strain DSM 3637 / PP1)	173	
EKF85988	K2R0C9	unreviewed	K2R0C9_METFP	Inorganic diphosphatase, EC 3.6.1.1	A994_05861	Methanobacterium formicicum (strain DSM 3637 / PP1)	182	
EKF85483	K2QYV2	unreviewed	K2QYV2_METFP	Inorganic pyrophosphatase, EC 3.6.1.1 (Pyrophosphate phospho-hydrolase, PPase)	ppa A994_08616	Methanobacterium formicicum (strain DSM 3637 / PP1)	173	
EKF84768	K2QWX3	unreviewed	K2QWX3_METFP	Choloylglycine hydrolase	A994_12181	Methanobacterium formicicum (strain DSM 3637 / PP1)	328	
EKF84759	K2R8Y1	unreviewed	K2R8Y1_METFP	Phosphoesterase PA-phosphatase-like protein	A994_12136	Methanobacterium formicicum (strain DSM 3637 / PP1)	196	
EKF85127	K2R1J9	unreviewed	K2R1J9_METFP	Methionine synthase	A994_09608	Methanobacterium formicicum (strain DSM 3637 / PP1)	325	
EKF85047	K2R1E1	unreviewed	K2R1E1_METFP	Lipid II isoglutaminyl synthase (glutamine-hydrolyzing) subunit MurT, EC 6.3.5.13	murT A994_10529	Methanobacterium formicicum (strain DSM 3637 / PP1)	453	
EKF85526	K2QC22	unreviewed	K2QC22_METFP	Molybdenum cofactor synthesis domain-containing protein	A994_08831	Methanobacterium formicicum (strain DSM 3637 / PP1)	179	
EKF85052	K2R1E4	unreviewed	K2R1E4_METFP	Putative asparagine synthetase [glutamine-hydrolyzing], EC 6.3.5.4	A994_10554	Methanobacterium formicicum (strain DSM 3637 / PP1)	533	
EKF86853	K2R2X0	unreviewed	K2R2X0_METFP	S-adenosylmethionine synthase, AdoMet synthase, EC 2.5.1.6 (Methionine adenosyltransferase)	mat A994_01165	Methanobacterium formicicum (strain DSM 3637 / PP1)	401	
EKF85885	K2RT31	unreviewed	K2RT31_METFP	Putative asparagine synthetase [glutamine-hydrolyzing], EC 6.3.5.4	A994_05346	Methanobacterium formicicum (strain DSM 3637 / PP1)	570	
EKF86103	K2R0N6	unreviewed	K2R0N6_METFP	2-oxoacid:acceptor oxidoreductase subunit alpha	A994_04085	Methanobacterium formicicum (strain DSM 3637 / PP1)	613	
EKF85927	K2R405	unreviewed	K2R405_METFP	Cytidylate kinase, CK, EC 2.7.4.25 (Cytidine monophosphate kinase, CMP kinase)	cmk A994_05556	Methanobacterium formicicum (strain DSM 3637 / PP1)	176	
EKF86174	K2RCW2	unreviewed	K2RCW2_METFP	Xanthine/uracil/vitamin C permease	A994_04440	Methanobacterium formicicum (strain DSM 3637 / PP1)	429	
EKF85679	K2RBJ1	unreviewed	K2RBJ1_METFP	Pantoate kinase, PoK, EC 2.7.1.169	A994_08101	Methanobacterium formicicum (strain DSM 3637 / PP1)	305	
EKF84854	K2R992	unreviewed	K2R992_METFP	5-amino-6-(D-ribitylamino)uracil--L-tyrosine 4-hydroxyphenyl transferase, EC 2.5.1.147 (FO synthase subunit 2)	cofH A994_11687	Methanobacterium formicicum (strain DSM 3637 / PP1)	371	
EKF86613	K2R259	unreviewed	K2R259_METFP	5-amino-6-(D-ribitylamino)uracil--L-tyrosine 4-hydroxyphenyl transferase, EC 2.5.1.147 (FO synthase subunit 2)	cofH A994_03993	Methanobacterium formicicum (strain DSM 3637 / PP1)	349	
EKF85007	K2R1B1	unreviewed	K2R1B1_METFP	Phenylalanine--tRNA ligase alpha subunit, EC 6.1.1.20 (Phenylalanyl-tRNA synthetase alpha subunit, PheRS)	pheS A994_10329	Methanobacterium formicicum (strain DSM 3637 / PP1)	512	
EKF86405	K2RUI1	unreviewed	K2RUI1_METFP	Phenylalanine--tRNA ligase beta subunit, EC 6.1.1.20 (Phenylalanyl-tRNA synthetase beta subunit, PheRS)	pheT A994_02943	Methanobacterium formicicum (strain DSM 3637 / PP1)	556	
EKF85155	K2RQW5	unreviewed	K2RQW5_METFP	UDP-N-acetylmuramoyl-L-alanine--D-glutamate ligase	A994_09748	Methanobacterium formicicum (strain DSM 3637 / PP1)	527	
EKF86284	K2RD72	unreviewed	K2RD72_METFP	Major facilitator superfamily protein	A994_04990	Methanobacterium formicicum (strain DSM 3637 / PP1)	506	
EKF85840	K2RSZ7	unreviewed	K2RSZ7_METFP	Major facilitator superfamily protein	A994_07160	Methanobacterium formicicum (strain DSM 3637 / PP1)	483	
EKF86744	K2REE8	unreviewed	K2REE8_METFP	Major facilitator superfamily protein	A994_00620	Methanobacterium formicicum (strain DSM 3637 / PP1)	584	
EKF85980	K2RT90	unreviewed	K2RT90_METFP	Major facilitator superfamily protein	A994_05821	Methanobacterium formicicum (strain DSM 3637 / PP1)	485	
EKF85730	K2RSJ4	unreviewed	K2RSJ4_METFP	EmrB/QacA subfamily drug resistance transporter	A994_06610	Methanobacterium formicicum (strain DSM 3637 / PP1)	467	
EKF87074	K2RFA3	unreviewed	K2RFA3_METFP	Lysine--tRNA ligase, EC 6.1.1.6 (Lysyl-tRNA synthetase, LysRS)	lysK lysS A994_02280	Methanobacterium formicicum (strain DSM 3637 / PP1)	525	
EKF85959	K2RCD8	unreviewed	K2RCD8_METFP	Biotin-(Acetyl-CoA carboxylase) ligase	A994_05716	Methanobacterium formicicum (strain DSM 3637 / PP1)	326	
EKF85062	K2R1F0	unreviewed	K2R1F0_METFP	CoB--CoM heterodisulfide reductase	A994_10604	Methanobacterium formicicum (strain DSM 3637 / PP1)	327	
EKF86074	K2RCN2	unreviewed	K2RCN2_METFP	Cob/CoM heterodisulfide reductase subunit B	A994_06301	Methanobacterium formicicum (strain DSM 3637 / PP1)	298	
EKF85041	K2QAQ7	unreviewed	K2QAQ7_METFP	4-phosphopantoate--beta-alanine ligase, EC 6.3.2.36 (Phosphopantothenate synthetase, PPS)	A994_10499	Methanobacterium formicicum (strain DSM 3637 / PP1)	269	
EKF85582	K2R2W8	unreviewed	K2R2W8_METFP	MATE efflux family protein	A994_07616	Methanobacterium formicicum (strain DSM 3637 / PP1)	474	
EKF86141	K2QDM4	unreviewed	K2QDM4_METFP	2-oxoglutarate ferredoxin oxidoreductase subunit beta	A994_04275	Methanobacterium formicicum (strain DSM 3637 / PP1)	288	
EKF85302	K2R268	unreviewed	K2R268_METFP	Flavoredoxin	A994_09101	Methanobacterium formicicum (strain DSM 3637 / PP1)	190	
EKF84747	K2R0P3	unreviewed	K2R0P3_METFP	Sodium/hydrogen exchanger	A994_12076	Methanobacterium formicicum (strain DSM 3637 / PP1)	403	
EKF85202	K2R1U0	unreviewed	K2R1U0_METFP	Geranylgeranylglyceryl phosphate synthase, GGGP synthase, GGGPS, EC 2.5.1.41 ((S)-3-O-geranylgeranylglyceryl phosphate synthase) (Phosphoglycerol geranylgeranyltransferase)	A994_09983	Methanobacterium formicicum (strain DSM 3637 / PP1)	245	
EKF86994	K2RF25	unreviewed	K2RF25_METFP	Haloacid dehalogenase domain-containing protein hydrolase	A994_01870	Methanobacterium formicicum (strain DSM 3637 / PP1)	262	
EKF86279	K2RD68	unreviewed	K2RD68_METFP	Beta-lactamase domain-containing protein	A994_04965	Methanobacterium formicicum (strain DSM 3637 / PP1)	273	
EKF86160	K2RTM7	unreviewed	K2RTM7_METFP	Elongation factor 1-alpha, EF-1-alpha (Elongation factor Tu, EF-Tu)	tuf A994_04370	Methanobacterium formicicum (strain DSM 3637 / PP1)	413	
EKF84884	K2R9A7	unreviewed	K2R9A7_METFP	Glutamine--fructose-6-phosphate transaminase	A994_11837	Methanobacterium formicicum (strain DSM 3637 / PP1)	334	
EKF85146	K2QAZ9	unreviewed	K2QAZ9_METFP	Potassium uptake protein TrkA	A994_09703	Methanobacterium formicicum (strain DSM 3637 / PP1)	215	
EKF86216	K2QDT4	unreviewed	K2QDT4_METFP	TRK system potassium uptake protein TrkA	A994_04650	Methanobacterium formicicum (strain DSM 3637 / PP1)	216	
EKF85500	K2RRX7	unreviewed	K2RRX7_METFP	NADPH-dependent F420 reductase	A994_08701	Methanobacterium formicicum (strain DSM 3637 / PP1)	223	
EKF86261	K2QDW9	unreviewed	K2QDW9_METFP	NADPH-dependent F420 reductase	A994_04875	Methanobacterium formicicum (strain DSM 3637 / PP1)	225	
EKF86957	K2R6Y1	unreviewed	K2R6Y1_METFP	Arginine--tRNA ligase, EC 6.1.1.19 (Arginyl-tRNA synthetase, ArgRS)	argS A994_01685	Methanobacterium formicicum (strain DSM 3637 / PP1)	564	
EKF84945	K2RQC8	unreviewed	K2RQC8_METFP	Nitrite reductase (NAD(P)H)	A994_11127	Methanobacterium formicicum (strain DSM 3637 / PP1)	219	
EKF86345	K2RUD8	unreviewed	K2RUD8_METFP	Uridylate kinase, UK, EC 2.7.4.22 (Uridine monophosphate kinase, UMP kinase, UMPK)	pyrH A994_05295	Methanobacterium formicicum (strain DSM 3637 / PP1)	254	
EKF86459	K2RDP5	unreviewed	K2RDP5_METFP	Ferritin	A994_03213	Methanobacterium formicicum (strain DSM 3637 / PP1)	170	
EKF86365	K2RUF5	unreviewed	K2RUF5_METFP	UDP-galactopyranose mutase	A994_02743	Methanobacterium formicicum (strain DSM 3637 / PP1)	381	
EKF86890	K2RVX1	unreviewed	K2RVX1_METFP	Rhodanese-like protein	A994_01350	Methanobacterium formicicum (strain DSM 3637 / PP1)	109	
EKF85432	K2R2L4	unreviewed	K2R2L4_METFP	UbiA prenyltransferase	A994_08361	Methanobacterium formicicum (strain DSM 3637 / PP1)	284	
EKF86302	K2R530	unreviewed	K2R530_METFP	UbiA prenyltransferase	A994_05080	Methanobacterium formicicum (strain DSM 3637 / PP1)	283	
EKF86883	K2R2Z2	unreviewed	K2R2Z2_METFP	ABC transporter	A994_01315	Methanobacterium formicicum (strain DSM 3637 / PP1)	553	
EKF86059	K2RCM1	unreviewed	K2RCM1_METFP	Protein kinase	A994_06216	Methanobacterium formicicum (strain DSM 3637 / PP1)	572	
EKF85232	K2R1X7	unreviewed	K2R1X7_METFP	BioY protein	A994_10133	Methanobacterium formicicum (strain DSM 3637 / PP1)	205	
EKF86337	K2R592	unreviewed	K2R592_METFP	NAD kinase, EC 2.7.1.23 (ATP-dependent NAD kinase)	nadK A994_05255	Methanobacterium formicicum (strain DSM 3637 / PP1)	278	
EKF85055	K2RQL4	unreviewed	K2RQL4_METFP	Serine O-acetyltransferase, EC 2.3.1.30	A994_10569	Methanobacterium formicicum (strain DSM 3637 / PP1)	237	
EKF84902	K2R136	unreviewed	K2R136_METFP	Group 1 glycosyl transferase	A994_10912	Methanobacterium formicicum (strain DSM 3637 / PP1)	369	
EKF86489	K2RDR9	unreviewed	K2RDR9_METFP	Group 1 glycosyl transferase	A994_03363	Methanobacterium formicicum (strain DSM 3637 / PP1)	371	
EKF86325	K2RU95	unreviewed	K2RU95_METFP	GMP synthase [glutamine-hydrolyzing] subunit B, EC 6.3.5.2 (GMP synthetase)	guaAB A994_05195	Methanobacterium formicicum (strain DSM 3637 / PP1)	308	
EKF86540	K2RUT4	unreviewed	K2RUT4_METFP	Uncharacterized protein	A994_03618	Methanobacterium formicicum (strain DSM 3637 / PP1)	328	
EKF86162	K2R4K8	unreviewed	K2R4K8_METFP	Dihydrofolate reductase-like protein	A994_04380	Methanobacterium formicicum (strain DSM 3637 / PP1)	170	
EKF86783	K2R2M8	unreviewed	K2R2M8_METFP	Coenzyme F420-reducing hydrogenase subunit beta, EC 1.12.98.1	A994_00815	Methanobacterium formicicum (strain DSM 3637 / PP1)	294	
EKF84668	K2QWH1	unreviewed	K2QWH1_METFP	Hydrogen dehydrogenase	A994_12353	Methanobacterium formicicum (strain DSM 3637 / PP1)	482	
EKF86786	K2QFA9	unreviewed	K2QFA9_METFP	Coenzyme F420 hydrogenase subunit alpha	A994_00830	Methanobacterium formicicum (strain DSM 3637 / PP1)	405	
EKF86784	K2REI5	unreviewed	K2REI5_METFP	Coenzyme F420 hydrogenase subunit gamma	A994_00820	Methanobacterium formicicum (strain DSM 3637 / PP1)	264	
EKF85385	K2RRN3	unreviewed	K2RRN3_METFP	Methyl viologen-reducing hydrogenase subunit alpha	A994_09516	Methanobacterium formicicum (strain DSM 3637 / PP1)	472	
EKF87034	K2RF61	unreviewed	K2RF61_METFP	ATP phosphoribosyltransferase, ATP-PRT, ATP-PRTase, EC 2.4.2.17	hisG A994_02070	Methanobacterium formicicum (strain DSM 3637 / PP1)	286	
EKF85000	K2RQH1	unreviewed	K2RQH1_METFP	ATP phosphoribosyltransferase, EC 2.4.2.17	A994_10284	Methanobacterium formicicum (strain DSM 3637 / PP1)	329	
EKF86919	K2REV8	unreviewed	K2REV8_METFP	Probable cobalamin biosynthesis protein CobD	cobD A994_01495	Methanobacterium formicicum (strain DSM 3637 / PP1)	368	
EKF85729	K2RBP6	unreviewed	K2RBP6_METFP	Auxin efflux carrier family protein	A994_06605	Methanobacterium formicicum (strain DSM 3637 / PP1)	300	
EKF86149	K2RCT9	unreviewed	K2RCT9_METFP	Phosphoglycerate kinase, EC 2.7.2.3	pgk A994_04315	Methanobacterium formicicum (strain DSM 3637 / PP1)	404	
EKF86712	K2R637	unreviewed	K2R637_METFP	TrkH family potassium uptake protein	A994_00460	Methanobacterium formicicum (strain DSM 3637 / PP1)	476	
EKF86647	K2R5W7	unreviewed	K2R5W7_METFP	Cation transporter	A994_00135	Methanobacterium formicicum (strain DSM 3637 / PP1)	495	
EKF86275	K2RU32	unreviewed	K2RU32_METFP	dTDP-4-dehydrorhamnose 3,5 epimerase	A994_04945	Methanobacterium formicicum (strain DSM 3637 / PP1)	155	
EKF86256	K2QDW4	unreviewed	K2QDW4_METFP	Adenylyl cyclase	A994_04850	Methanobacterium formicicum (strain DSM 3637 / PP1)	179	
EKF86758	K2R2J7	unreviewed	K2R2J7_METFP	Nicotinamidase-like amidase	A994_00690	Methanobacterium formicicum (strain DSM 3637 / PP1)	187	
EKF86502	K2R5K5	unreviewed	K2R5K5_METFP	dTDP-4-dehydrorhamnose reductase	A994_03428	Methanobacterium formicicum (strain DSM 3637 / PP1)	278	
EKF86415	K2RUI8	unreviewed	K2RUI8_METFP	Acetylglutamate kinase, EC 2.7.2.8 (N-acetyl-L-glutamate 5-phosphotransferase) (NAG kinase, NAGK)	argB A994_02993	Methanobacterium formicicum (strain DSM 3637 / PP1)	293	
EKF85675	K2RSC2	unreviewed	K2RSC2_METFP	Carboxymuconolactone decarboxylase	A994_08081	Methanobacterium formicicum (strain DSM 3637 / PP1)	129	
EKF85087	K2R1G3	unreviewed	K2R1G3_METFP	Beta-lactamase	A994_10729	Methanobacterium formicicum (strain DSM 3637 / PP1)	228	
EKF86402	K2R5D0	unreviewed	K2R5D0_METFP	3-phosphoshikimate 1-carboxyvinyltransferase, EC 2.5.1.19 (5-enolpyruvylshikimate-3-phosphate synthase, EPSP synthase, EPSPS)	aroA A994_02928	Methanobacterium formicicum (strain DSM 3637 / PP1)	473	
EKF85327	K2R2A3	unreviewed	K2R2A3_METFP	Histone deacetylase superfamily protein	A994_09226	Methanobacterium formicicum (strain DSM 3637 / PP1)	342	
EKF86232	K2R4U9	unreviewed	K2R4U9_METFP	Indole-3-glycerol phosphate synthase, EC 4.1.1.48	A994_04730	Methanobacterium formicicum (strain DSM 3637 / PP1)	266	
EKF87002	K2R714	unreviewed	K2R714_METFP	3,4-dihydroxy-2-butanone 4-phosphate synthase, DHBP synthase, EC 4.1.99.12	A994_01910	Methanobacterium formicicum (strain DSM 3637 / PP1)	225	
EKF86824	K2REM2	unreviewed	K2REM2_METFP	6,7-dimethyl-8-ribityllumazine synthase, DMRL synthase, LS, Lumazine synthase, EC 2.5.1.78	ribH A994_01020	Methanobacterium formicicum (strain DSM 3637 / PP1)	136	
EKF85124	K2R9W7	unreviewed	K2R9W7_METFP	Riboflavin synthase, EC 2.5.1.9	A994_09593	Methanobacterium formicicum (strain DSM 3637 / PP1)	152	
EKF86247	K2R4W4	unreviewed	K2R4W4_METFP	Prephenate dehydrogenase, EC 1.3.1.12	A994_04805	Methanobacterium formicicum (strain DSM 3637 / PP1)	434	
EKF84824	K2R956	unreviewed	K2R956_METFP	Shikimate kinase, SK, EC 2.7.1.71	aroK A994_11537	Methanobacterium formicicum (strain DSM 3637 / PP1)	290	
EKF86148	K2R0T1	unreviewed	K2R0T1_METFP	Triosephosphate isomerase, TIM, TPI, EC 5.3.1.1 (Triose-phosphate isomerase)	tpiA A994_04310	Methanobacterium formicicum (strain DSM 3637 / PP1)	225	
EKF85223	K2QY50	unreviewed	K2QY50_METFP	2,3-bisphosphoglycerate-independent phosphoglycerate mutase, BPG-independent PGAM, Phosphoglyceromutase, aPGAM, EC 5.4.2.12	apgM A994_10088	Methanobacterium formicicum (strain DSM 3637 / PP1)	408	
EKF85048	K2QXM8	unreviewed	K2QXM8_METFP	2,3-bisphosphoglycerate-independent phosphoglycerate mutase, BPG-independent PGAM, Phosphoglyceromutase, aPGAM, EC 5.4.2.12	apgM A994_10534	Methanobacterium formicicum (strain DSM 3637 / PP1)	411	
EKF84644	K2R8H1	unreviewed	K2R8H1_METFP	Digeranylgeranylglyceryl phosphate synthase, DGGGP synthase, DGGGPS, EC 2.5.1.42 ((S)-2,3-di-O-geranylgeranylglyceryl phosphate synthase) (Geranylgeranylglycerol-phosphate geranylgeranyltransferase)	ubiA A994_12608	Methanobacterium formicicum (strain DSM 3637 / PP1)	278	
EKF84660	K2RPG1	unreviewed	K2RPG1_METFP	Uncharacterized protein	A994_12313	Methanobacterium formicicum (strain DSM 3637 / PP1)	205	
